subject_id	cse_id	trial	response	note
s01f2	cse001	1	O	
s01f2	cse031	2	X	
s01f2	cse011	3	O	
s01f2	cse041	4	X	일반적으로 많은 사람들이 겪지 않는 상식인 것 같습니다.
s01f2	cse021	5	O	
s01f2	cse051	6	O	다이어트를 한다면 먹는 기본적으로 떠오르는 음식들에 대해서 학습할 필요가 있을 것 같습니다.
s01f2	cse002	7	O	
s01f2	cse012	8	X	
s01f2	cse022	9	O	
s01f2	cse032	10	X	
s01f2	cse042	11	X	
s01f2	cse059	12	O	
s01f2	cse003	13	X	
s01f2	cse033	14	O	
s01f2	cse046	15	O	
s01f2	cse053	16	X	
s01f2	cse013	17	O	
s01f2	cse023	18	O	
s01f2	cse025	19	X	
s01f2	cse014	20	O	
s01f2	cse044	21	O	
s01f2	cse004	22	X	
s01f2	cse015	23	O	
s01f2	cse054	24	X	
s01f2	cse043	25	X	
s01f2	cse035	26	O	
s01f2	cse055	27	O	
s01f2	cse026	28	O	
s01f2	cse005	29	X	
s01f2	cse016	30	X	
s01f2	cse056	31	X	
s01f2	cse036	32	O	
s01f2	cse045	33	O	
s01f2	cse006	34	X	
s01f2	cse027	35	X	
s01f2	cse017	36	O	
s01f2	cse037	37	O	
s01f2	cse057	38	O	
s01f2	cse052	39	X	
s01f2	cse024	40	X	
s01f2	cse007	41	O	
s01f2	cse047	42	X	
s01f2	cse038	43	O	
s01f2	cse058	44	X	
s01f2	cse039	45	X	
s01f2	cse018	46	X	
s01f2	cse008	47	O	
s01f2	cse009	48	O	
s01f2	cse048	49	X	
s01f2	cse019	50	X	
s01f2	cse040	51	O	
s01f2	cse060	52	O	
s01f2	cse020	53	O	
s01f2	cse028	54	X	
s01f2	cse010	55	X	
s01f2	cse049	56	O	
s01f2	cse030	57	O	
s01f2	cse050	58	X	
s01f2	cse029	59	X	
s01f2	cse034	60	X	
s02m2	cse001	1	O	
s02m2	cse031	2	O	
s02m2	cse011	3	O	
s02m2	cse041	4	O	
s02m2	cse021	5	O	
s02m2	cse051	6	O	
s02m2	cse002	7	O	
s02m2	cse012	8	X	
s02m2	cse022	9	X	
s02m2	cse032	10	O	
s02m2	cse042	11	O	
s02m2	cse059	12	O	
s02m2	cse003	13	X	
s02m2	cse033	14	X	
s02m2	cse046	15	X	
s02m2	cse053	16	X	
s02m2	cse013	17	O	
s02m2	cse023	18	O	
s02m2	cse025	19	O	
s02m2	cse014	20	O	
s02m2	cse044	21	O	
s02m2	cse004	22	O	
s02m2	cse015	23	O	
s02m2	cse054	24	O	
s02m2	cse043	25	O	
s02m2	cse035	26	O	
s02m2	cse055	27	O	
s02m2	cse026	28	O	
s02m2	cse005	29	O	
s02m2	cse016	30	O	
s02m2	cse056	31	O	
s02m2	cse036	32	O	
s02m2	cse045	33	X	
s02m2	cse006	34	X	
s02m2	cse027	35	X	
s02m2	cse017	36	O	
s02m2	cse037	37	O	
s02m2	cse057	38	O	
s02m2	cse052	39	O	
s02m2	cse024	40	O	
s02m2	cse007	41	O	
s02m2	cse047	42	O	
s02m2	cse038	43	X	
s02m2	cse058	44	O	
s02m2	cse039	45	O	
s02m2	cse018	46	O	
s02m2	cse008	47	O	
s02m2	cse009	48	O	
s02m2	cse048	49	O	
s02m2	cse019	50	O	
s02m2	cse040	51	O	
s02m2	cse060	52	O	
s02m2	cse020	53	O	
s02m2	cse028	54	O	
s02m2	cse010	55	X	
s02m2	cse049	56	O	
s02m2	cse030	57	O	
s02m2	cse050	58	O	
s02m2	cse029	59	O	
s02m2	cse034	60	O	
s03m2	cse001	1	O	'AI'를 무엇으로 정의하는지는 모르겠으나, 음식 주제에서 볶음밥에 계란과 햄이 가까운 것은 상식이다.
s03m2	cse031	2	O	
s03m2	cse011	3	O	
s03m2	cse041	4	X	게임은 특정 목적이 아닌 한 산업체가 염두할 만큼 일반적인 상식이 아니다
s03m2	cse021	5	O	
s03m2	cse051	6	O	
s03m2	cse002	7	O	
s03m2	cse012	8	O	관용어구는 학습으로만 해결 가능하다
s03m2	cse022	9	O	
s03m2	cse032	10	X	인용하는 듯한 문장이 인간에게 무슨 의미인 건지 현재의 AI가 알 것 같지 않다
s03m2	cse042	11	X	지나치게 맥락의존적이다
s03m2	cse059	12	O	이 정도 생략은 학습으로 익혀 놔야 써먹을 수 있다
s03m2	cse003	13	O	
s03m2	cse033	14	O	
s03m2	cse046	15	O	
s03m2	cse053	16	O	
s03m2	cse013	17	O	
s03m2	cse023	18	O	
s03m2	cse025	19	O	
s03m2	cse014	20	O	
s03m2	cse044	21	X	
s03m2	cse004	22	O	
s03m2	cse015	23	X	
s03m2	cse054	24	O	
s03m2	cse043	25	O	
s03m2	cse035	26	O	
s03m2	cse055	27	O	
s03m2	cse026	28	O	
s03m2	cse005	29	X	
s03m2	cse016	30	O	
s03m2	cse056	31	O	
s03m2	cse036	32	O	
s03m2	cse045	33	O	
s03m2	cse006	34	O	
s03m2	cse027	35	O	
s03m2	cse017	36	O	
s03m2	cse037	37	O	
s03m2	cse057	38	O	
s03m2	cse052	39	O	
s03m2	cse024	40	O	
s03m2	cse007	41	O	
s03m2	cse047	42	O	
s03m2	cse038	43	O	
s03m2	cse058	44	O	
s03m2	cse039	45	O	
s03m2	cse018	46	X	
s03m2	cse008	47	O	
s03m2	cse009	48	O	
s03m2	cse048	49	O	
s03m2	cse019	50	O	
s03m2	cse040	51	O	
s03m2	cse060	52	X	
s03m2	cse020	53	O	
s03m2	cse028	54	O	
s03m2	cse010	55	O	
s03m2	cse049	56	O	
s03m2	cse030	57	O	
s03m2	cse050	58	O	
s03m2	cse029	59	O	
s03m2	cse034	60	O	
s04m2	cse001	1	O	계란, 햄을 산다는 행위와 볶음밥을 만드는 행위가 중간 설명이 없더라도 인간 세상에서는 자연스럽게 상식적으로 연결되기 때문
s04m2	cse031	2	O	한국 사회에서는 누구나 충분히 생각해 봤을 만한 의문이기 때문
s04m2	cse011	3	O	경제 활동을 시작하지 않은 이들에게는 다소 이해가 어려울 수 있겠으나 이십 대 중반 이후로는 상식선에 준하는 문장이기 때문
s04m2	cse041	4	X	게임 문화를 접하지 못했거나 알지 못하는 이들도 많을 것이라 판단되기 때문
s04m2	cse021	5	O	경험적으로 인간 세상에서 흔히 볼 수 있는 상황과 문장이기 때문
s04m2	cse051	6	X	48kg라는 저체중 상태가 이상적인 몸무게라고 인지할 수 있기 때문
s04m2	cse002	7	O	일상에서 떠올릴 수 있을 법한 상황과 생각의 문장이기 때문
s04m2	cse012	8	O	
s04m2	cse022	9	O	일상에서 있을 법한 상황의 문장이기 때문
s04m2	cse032	10	O	
s04m2	cse042	11	X	문장의 내용이 명료하게 이해되지 않음
s04m2	cse059	12	O	
s04m2	cse003	13	O	
s04m2	cse033	14	O	
s04m2	cse046	15	O	
s04m2	cse053	16	X	
s04m2	cse013	17	O	
s04m2	cse023	18	O	
s04m2	cse025	19	O	
s04m2	cse014	20	O	
s04m2	cse044	21	X	문장의 내용이 명료하게 이해되지 않음
s04m2	cse004	22	O	
s04m2	cse015	23	O	
s04m2	cse054	24	X	올바른 요법의 다이어트나 건강상의 이유로 행해지는 모든 다이어트까지 성격이 나빠지는 부작용이 있다고 생각할 수 있다
s04m2	cse043	25	X	
s04m2	cse035	26	O	
s04m2	cse055	27	O	
s04m2	cse026	28	O	
s04m2	cse005	29	X	문장 성분이 온전하지 않다
s04m2	cse016	30	X	'가짜 나무로 만든 트리를 만들고 싶다' 부분이 어색하다
s04m2	cse056	31	O	
s04m2	cse036	32	X	
s04m2	cse045	33	O	게임을 몰라도 맥락상 문장을 이해할 수 있다
s04m2	cse006	34	X	문장이 명료하게 이해되지 않는다
s04m2	cse027	35	O	
s04m2	cse017	36	O	
s04m2	cse037	37	O	
s04m2	cse057	38	O	
s04m2	cse052	39	X	노니의 효능은 아직 검증되지 않았다
s04m2	cse024	40	X	문장이 명료하게 이해되지 않는다
s04m2	cse007	41	O	
s04m2	cse047	42	O	
s04m2	cse038	43	O	
s04m2	cse058	44	X	
s04m2	cse039	45	O	
s04m2	cse018	46	O	
s04m2	cse008	47	X	
s04m2	cse009	48	O	
s04m2	cse048	49	O	
s04m2	cse019	50	O	
s04m2	cse040	51	O	
s04m2	cse060	52	X	푸드 패디즘은 유사 과학 논란이 있다
s04m2	cse020	53	O	
s04m2	cse028	54	O	
s04m2	cse010	55	O	맥락이 담긴 문장 같다
s04m2	cse049	56	X	플레이' 부분이 명료하게 이해되지 않는다
s04m2	cse030	57	X	좋아졌다' 부분이 명료하게 이해되지 않는다
s04m2	cse050	58	O	
s04m2	cse029	59	O	
s04m2	cse034	60	O	
s05f2	cse001	1	O	식사 관련 단어 생활과 밀접하기 때문에
s05f2	cse031	2	X	
s05f2	cse011	3	O	
s05f2	cse041	4	X	
s05f2	cse021	5	O	
s05f2	cse051	6	O	
s05f2	cse002	7	O	
s05f2	cse012	8	O	
s05f2	cse022	9	X	
s05f2	cse032	10	O	
s05f2	cse042	11	X	
s05f2	cse059	12	O	
s05f2	cse003	13	O	
s05f2	cse033	14	O	
s05f2	cse046	15	O	
s05f2	cse053	16	O	
s05f2	cse013	17	O	
s05f2	cse023	18	X	
s05f2	cse025	19	O	
s05f2	cse014	20	O	
s05f2	cse044	21	O	
s05f2	cse004	22	O	
s05f2	cse015	23	X	
s05f2	cse054	24	X	더러워져서 가 부정적임
s05f2	cse043	25	X	
s05f2	cse035	26	O	
s05f2	cse055	27	O	
s05f2	cse026	28	O	
s05f2	cse005	29	O	
s05f2	cse016	30	O	
s05f2	cse056	31	O	
s05f2	cse036	32	O	
s05f2	cse045	33	X	
s05f2	cse006	34	O	
s05f2	cse027	35	O	
s05f2	cse017	36	O	
s05f2	cse037	37	O	
s05f2	cse057	38	O	
s05f2	cse052	39	X	
s05f2	cse024	40	O	
s05f2	cse007	41	O	
s05f2	cse047	42	O	
s05f2	cse038	43	O	
s05f2	cse058	44	O	
s05f2	cse039	45	O	
s05f2	cse018	46	O	
s05f2	cse008	47	O	
s05f2	cse009	48	O	
s05f2	cse048	49	O	
s05f2	cse019	50	O	
s05f2	cse040	51	O	
s05f2	cse060	52	O	
s05f2	cse020	53	O	
s05f2	cse028	54	O	
s05f2	cse010	55	O	
s05f2	cse049	56	O	
s05f2	cse030	57	O	
s05f2	cse050	58	O	
s05f2	cse029	59	O	
s05f2	cse034	60	O	우리 생활에 밀접하게 관련되어있는것 O
s06m2	cse001	1	X	계란과 햄은 볶음밥에 대체적으로 들어가는 재료이기는 하지만 음식이라는 것은 같은 이름을 가진 음식이여도 여러가지 외부 조건에 따라 달라지는, 사실상 각 개체가 다른 형태를 취하는 존재이기 때문에 항상 들어가는 밥과 같은 예시를 제외한 무언가를 단정적인 문장으로 학습 시키는 방법은, 같은 '김치 볶음밥'이 들어가는 문장을 여럿 학습시킨다면 문제는 없겠으나 비효율적인 방식이라고 생각합니다.
s06m2	cse031	2	X	태풍의 특성에 대해 이야기 하는 문장이라면 일반상식에 가깝다고 느껴졌겠으나, 태풍의 이름에 대해 의문을 표하는 문장은 꼭 학습 시킬 필요는 없다고 생각합니다. 태풍의 이름을 아는 것은 일상의 범주 내의 상식이라기 보다는 그 밖의 지식에 가깝다고 생각합니다.
s06m2	cse011	3	O	많은 사람들이 맞닥뜨리는 사회와 경제에 관련한 내용이라고 생각합니다. 또한 담보대출이라는 단어는 누구나 살면서 한 번 쯤은 관련한 이야기를 듣게 되는 대상이며, 알아두는 것이 좋은 상식에 가까운 단어라고 생각합니다.
s06m2	cse041	4	X	인공지능에게 학습할 만한 문장이라는 질문이였다면 O에 체크했겠지만, 일반상식을 중심으로 해야하니 X에 체크를 했습니다. 일반상식에 가깝다기 보다는 게임에 참가하는 특정 부류의 사람들에게나 대중적인 문장이라고 생각합니다.
s06m2	cse021	5	O	옷과 시간 약속에 대한 화제는 인간들에게는 상식에 축에도 끼지 못하는 너무 일상적인 대상이지만, 인공지능에게는 한 번 쯤은 학습시켜야 하는 일상 속의 상식이 아닐까 생각합니다.
s06m2	cse051	6	O	
s06m2	cse002	7	O	위의 비빔밥 문장과 다르게 O에 체크를 한 이유는 문장의 용도에 대한 초점을 요리 재료들이 아닌, 비벼 먹는다에 맞춘다면 충분히 학습시킬 문장으로 느껴졌기 때문입니다.
s06m2	cse012	8	O	경제에 관련한 상식과 문학적인 표현의 영역에 있는 상식을 함께 취할 수 있는 좋은 문장이라고 생각합니다.
s06m2	cse022	9	O	
s06m2	cse032	10	O	문장과 문장을 연결 시킬 때, 이 문장에서 태풍이 전력망에 끼치는 영향에 대한 정보가 생략되었 듯, 너무 상식적이여서 문장에 생략되어지는 정보들의 존재를 학습 시킬 수 있겠다는 생각이 들었습니다. 다만 이 이전에 학습 시켜야 하는 여러 문장이 필요 할 것으로 보입니다.
s06m2	cse042	11	X	
s06m2	cse059	12	O	
s06m2	cse003	13	O	인공지능은 결국 인간을 위해 계발되는 것이므로 깊이 보다는 넓이에 대한 관점에서 이 문장 또한 필요할 것으로 보입니다.
s06m2	cse033	14	O	위의 태풍에 대한 문장과 크게 다르지 않은 이유로 O에 체크했습니다.
s06m2	cse046	15	O	게임이라는 단어가 포함된 문장은 특정 장르로 한정 시키지 않는다면 충분히 상식의 영역에 있는 문장들을 만들어 낼 수 있다고 생각합니다.
s06m2	cse053	16	O	
s06m2	cse013	17	O	
s06m2	cse023	18	X	문장이 깔끔하지 못하다고 느껴집니다.
s06m2	cse025	19	O	
s06m2	cse014	20	O	AI에게 집과 집주인이라는 단어의 관계성, 그리고 그것의 관계가 인간관계에 미치는 영향력에 대해 알려 줄 수 있는 문장이라고 생각합니다. 그리고 그러한 사회적 풍조는 충분히 일반상식에 관련이 되어 있다고 생각해서 O에 체크를 했습니다.
s06m2	cse044	21	X	
s06m2	cse004	22	O	
s06m2	cse015	23	O	
s06m2	cse054	24	X	다이어트의 결과는 사람마다 그리고 매번 달라지기 때문에 특정 무언가로 단정 짓는 것은 비상식적이라고 생각합니다.
s06m2	cse043	25	X	상식과 비상식을 떠나서, 딱히 Ai의 학습에 필요해 보이지 않습니다.
s06m2	cse035	26	O	날씨가 풀린다는 표현을 중심으로 하는 다른 문장들과 함께 사용되어진다면 충분히 의미가 있는 일반상식 문장이라고 생각합니다.
s06m2	cse055	27	O	다이어트가 무언인가에 상식을 학습하는데 보조적으로 활용되어질 수 있는 문장이라고 생각합니다.
s06m2	cse026	28	O	
s06m2	cse005	29	O	음식은 시간이 지나면 상한다는 상식을 가르쳐줄 수 있겠지만, 문장이 주는 어감은 다듬는 것이 좋아보인다.
s06m2	cse016	30	X	넓은 집과 가짜 나무로 만든 트리의 관계성은 상식이라기에는 지나치게 간접적입니다.
s06m2	cse056	31	X	위와 같습니다.
s06m2	cse036	32	O	한파가 무엇인지에 대한 정보는 충분히 상식적인 정보라고 생각합니다.
s06m2	cse045	33	X	
s06m2	cse006	34	X	
s06m2	cse027	35	O	
s06m2	cse017	36	O	창문을 여는 행동과 환기의 관계는 충분히 상식적이라고 생각합니다.
s06m2	cse037	37	O	
s06m2	cse057	38	O	
s06m2	cse052	39	X	
s06m2	cse024	40	X	다음에는' 이후의 문장만 잘라서 사용하는 것이 나아보인다.
s06m2	cse007	41	X	맛에 대한 기호는 사람마다 달라서 상식과는 거리가 있어보인다.
s06m2	cse047	42	O	꾸준함이 주는 실력 향상에 대한 내용 때문에 o에 체크했습니다.
s06m2	cse038	43	O	
s06m2	cse058	44	X	다이어트라는 단어에 집중하기 보다는 문장 전체를 봤을 때 x에 가깝다고 생각됩니다.
s06m2	cse039	45	O	
s06m2	cse018	46	X	
s06m2	cse008	47	O	
s06m2	cse009	48	X	
s06m2	cse048	49	O	
s06m2	cse019	50	X	
s06m2	cse040	51	O	
s06m2	cse060	52	X	
s06m2	cse020	53	O	
s06m2	cse028	54	X	
s06m2	cse010	55	X	
s06m2	cse049	56	X	
s06m2	cse030	57	X	
s06m2	cse050	58	O	
s06m2	cse029	59	X	
s06m2	cse034	60	O	
s07f2	cse001	1	O	일상생활과 관련된 문장입니다.
s07f2	cse031	2	O	
s07f2	cse011	3	X	
s07f2	cse041	4	O	
s07f2	cse021	5	O	
s07f2	cse051	6	O	
s07f2	cse002	7	O	
s07f2	cse012	8	O	
s07f2	cse022	9	O	
s07f2	cse032	10	O	
s07f2	cse042	11	O	
s07f2	cse059	12	O	
s07f2	cse003	13	O	
s07f2	cse033	14	O	
s07f2	cse046	15	O	
s07f2	cse053	16	O	
s07f2	cse013	17	O	
s07f2	cse023	18	X	특수 옷가게 이름이 일반상식은 아닌 것 같습니다.
s07f2	cse025	19	O	
s07f2	cse014	20	O	
s07f2	cse044	21	O	
s07f2	cse004	22	O	
s07f2	cse015	23	O	
s07f2	cse054	24	O	
s07f2	cse043	25	O	
s07f2	cse035	26	O	
s07f2	cse055	27	O	
s07f2	cse026	28	O	
s07f2	cse005	29	O	
s07f2	cse016	30	O	
s07f2	cse056	31	O	
s07f2	cse036	32	O	
s07f2	cse045	33	X	
s07f2	cse006	34	O	
s07f2	cse027	35	O	
s07f2	cse017	36	O	
s07f2	cse037	37	O	
s07f2	cse057	38	O	
s07f2	cse052	39	X	
s07f2	cse024	40	O	
s07f2	cse007	41	O	
s07f2	cse047	42	O	
s07f2	cse038	43	O	
s07f2	cse058	44	O	
s07f2	cse039	45	O	
s07f2	cse018	46	O	
s07f2	cse008	47	X	
s07f2	cse009	48	O	
s07f2	cse048	49	O	
s07f2	cse019	50	O	
s07f2	cse040	51	O	
s07f2	cse060	52	X	
s07f2	cse020	53	X	
s07f2	cse028	54	O	
s07f2	cse010	55	O	
s07f2	cse049	56	O	
s07f2	cse030	57	X	
s07f2	cse050	58	X	
s07f2	cse029	59	X	
s07f2	cse034	60	O	
s08m2	cse001	1	O	
s08m2	cse031	2	O	
s08m2	cse011	3	X	상식이라고 하기엔 조금 어려운 내용이 포함된 것으로 보입니다.
s08m2	cse041	4	O	
s08m2	cse021	5	O	
s08m2	cse051	6	O	
s08m2	cse002	7	O	
s08m2	cse012	8	O	
s08m2	cse022	9	O	
s08m2	cse032	10	O	
s08m2	cse042	11	X	문장의 의미가 직관적이지 않게 느껴진다.
s08m2	cse059	12	O	
s08m2	cse003	13	O	
s08m2	cse033	14	O	
s08m2	cse046	15	O	
s08m2	cse053	16	O	
s08m2	cse013	17	O	
s08m2	cse023	18	O	
s08m2	cse025	19	O	
s08m2	cse014	20	X	상황에 대한 설명이 필요한 문장인 것 같다.
s08m2	cse044	21	X	일상적이지 않은 상황에 대한 묘사인 것 같다.
s08m2	cse004	22	O	
s08m2	cse015	23	O	
s08m2	cse054	24	O	
s08m2	cse043	25	O	
s08m2	cse035	26	O	
s08m2	cse055	27	O	
s08m2	cse026	28	O	
s08m2	cse005	29	O	
s08m2	cse016	30	O	
s08m2	cse056	31	O	
s08m2	cse036	32	O	
s08m2	cse045	33	X	게임의 구체적 이름은 상식적인 것은 아닌 것 같다.
s08m2	cse006	34	O	
s08m2	cse027	35	O	
s08m2	cse017	36	O	
s08m2	cse037	37	O	
s08m2	cse057	38	O	
s08m2	cse052	39	X	비움과 노니가 무엇인지 나도 모르겠다.
s08m2	cse024	40	X	문장의 의미가 불명확한 것 같다.
s08m2	cse007	41	O	
s08m2	cse047	42	O	
s08m2	cse038	43	O	
s08m2	cse058	44	X	요요라는 표현이 상식에 적합한지 잘 모르겠다.
s08m2	cse039	45	O	
s08m2	cse018	46	O	
s08m2	cse008	47	O	
s08m2	cse009	48	O	
s08m2	cse048	49	O	
s08m2	cse019	50	O	
s08m2	cse040	51	O	
s08m2	cse060	52	X	상식보다는 조금 어려운 문장인 것 같다.
s08m2	cse020	53	O	
s08m2	cse028	54	O	
s08m2	cse010	55	O	
s08m2	cse049	56	O	
s08m2	cse030	57	X	코르덴 바지가 무엇인지 모르겠다.
s08m2	cse050	58	O	
s08m2	cse029	59	X	엘레쎄니트가 무엇인지 모르겠다.
s08m2	cse034	60	O	
s09m2	cse001	1	O	
s09m2	cse031	2	X	
s09m2	cse011	3	X	
s09m2	cse041	4	O	
s09m2	cse021	5	X	
s09m2	cse051	6	O	
s09m2	cse002	7	O	
s09m2	cse012	8	O	
s09m2	cse022	9	O	
s09m2	cse032	10	O	
s09m2	cse042	11	X	
s09m2	cse059	12	O	
s09m2	cse003	13	O	
s09m2	cse033	14	O	
s09m2	cse046	15	O	
s09m2	cse053	16	O	
s09m2	cse013	17	O	
s09m2	cse023	18	O	
s09m2	cse025	19	O	
s09m2	cse014	20	X	
s09m2	cse044	21	X	
s09m2	cse004	22	O	
s09m2	cse015	23	X	
s09m2	cse054	24	O	
s09m2	cse043	25	X	
s09m2	cse035	26	O	
s09m2	cse055	27	O	
s09m2	cse026	28	O	
s09m2	cse005	29	O	
s09m2	cse016	30	O	
s09m2	cse056	31	O	
s09m2	cse036	32	O	
s09m2	cse045	33	X	
s09m2	cse006	34	O	
s09m2	cse027	35	O	
s09m2	cse017	36	O	
s09m2	cse037	37	O	
s09m2	cse057	38	O	
s09m2	cse052	39	X	
s09m2	cse024	40	X	
s09m2	cse007	41	O	
s09m2	cse047	42	O	
s09m2	cse038	43	O	
s09m2	cse058	44	O	
s09m2	cse039	45	O	
s09m2	cse018	46	O	
s09m2	cse008	47	X	
s09m2	cse009	48	O	
s09m2	cse048	49	O	
s09m2	cse019	50	X	
s09m2	cse040	51	O	
s09m2	cse060	52	X	
s09m2	cse020	53	O	
s09m2	cse028	54	O	
s09m2	cse010	55	O	
s09m2	cse049	56	O	
s09m2	cse030	57	O	
s09m2	cse050	58	O	
s09m2	cse029	59	O	
s09m2	cse034	60	O	
s10f2	cse001	1	O	한국 사람이라면 일상에서 일반적으로 먹을 만한 음식이라고 생각해서
s10f2	cse031	2	O	
s10f2	cse011	3	O	
s10f2	cse041	4	X	
s10f2	cse021	5	O	
s10f2	cse051	6	O	
s10f2	cse002	7	O	무생채는 생소할 수 있지만 AI가 학습은 해야하는 단어라고 생각합니다
s10f2	cse012	8	O	
s10f2	cse022	9	O	
s10f2	cse032	10	O	
s10f2	cse042	11	X	
s10f2	cse059	12	O	
s10f2	cse003	13	O	
s10f2	cse033	14	O	날씨에 대해서 캐주얼하게 답한 것 같다.
s10f2	cse046	15	O	젊은 사람들이 하는 취미이기 때문이다.
s10f2	cse053	16	O	
s10f2	cse013	17	O	한국의 공원에서 흔히 볼 수 있는 기구들이다
s10f2	cse023	18	O	
s10f2	cse025	19	O	
s10f2	cse014	20	O	
s10f2	cse044	21	X	
s10f2	cse004	22	X	무엇을 추천해준다는 말이 없기 때문
s10f2	cse015	23	O	
s10f2	cse054	24	X	성격이 더러워지는 것도 상대적이라고 생각한다
s10f2	cse043	25	O	
s10f2	cse035	26	O	
s10f2	cse055	27	O	
s10f2	cse026	28	O	
s10f2	cse005	29	O	
s10f2	cse016	30	O	
s10f2	cse056	31	O	
s10f2	cse036	32	O	
s10f2	cse045	33	O	
s10f2	cse006	34	O	
s10f2	cse027	35	O	
s10f2	cse017	36	O	
s10f2	cse037	37	O	
s10f2	cse057	38	O	
s10f2	cse052	39	X	상식이라고 하기에는 조금 구체적인 지식이 필요한 내용인 것 같다
s10f2	cse024	40	O	
s10f2	cse007	41	O	
s10f2	cse047	42	O	
s10f2	cse038	43	O	
s10f2	cse058	44	O	
s10f2	cse039	45	O	
s10f2	cse018	46	O	
s10f2	cse008	47	X	
s10f2	cse009	48	O	
s10f2	cse048	49	O	
s10f2	cse019	50	O	
s10f2	cse040	51	O	
s10f2	cse060	52	X	
s10f2	cse020	53	O	
s10f2	cse028	54	O	
s10f2	cse010	55	O	
s10f2	cse049	56	X	
s10f2	cse030	57	X	코르덴이 어떤 것인지 모를 수 있다
s10f2	cse050	58	O	
s10f2	cse029	59	X	
s10f2	cse034	60	O	
s11f2	cse001	1	O	
s11f2	cse031	2	O	
s11f2	cse011	3	X	
s11f2	cse041	4	X	
s11f2	cse021	5	O	
s11f2	cse051	6	O	
s11f2	cse002	7	O	
s11f2	cse012	8	O	
s11f2	cse022	9	O	
s11f2	cse032	10	X	
s11f2	cse042	11	X	
s11f2	cse059	12	O	
s11f2	cse003	13	O	
s11f2	cse033	14	O	
s11f2	cse046	15	O	
s11f2	cse053	16	X	
s11f2	cse013	17	O	
s11f2	cse023	18	X	
s11f2	cse025	19	O	
s11f2	cse014	20	O	
s11f2	cse044	21	O	
s11f2	cse004	22	O	
s11f2	cse015	23	X	
s11f2	cse054	24	O	
s11f2	cse043	25	X	
s11f2	cse035	26	X	
s11f2	cse055	27	O	
s11f2	cse026	28	O	
s11f2	cse005	29	O	
s11f2	cse016	30	X	
s11f2	cse056	31	X	
s11f2	cse036	32	O	
s11f2	cse045	33	O	
s11f2	cse006	34	X	
s11f2	cse027	35	O	
s11f2	cse017	36	O	
s11f2	cse037	37	O	
s11f2	cse057	38	X	
s11f2	cse052	39	X	
s11f2	cse024	40	X	
s11f2	cse007	41	X	
s11f2	cse047	42	X	
s11f2	cse038	43	X	
s11f2	cse058	44	X	
s11f2	cse039	45	O	
s11f2	cse018	46	X	
s11f2	cse008	47	O	
s11f2	cse009	48	O	
s11f2	cse048	49	O	
s11f2	cse019	50	X	
s11f2	cse040	51	O	
s11f2	cse060	52	X	
s11f2	cse020	53	X	
s11f2	cse028	54	O	
s11f2	cse010	55	X	
s11f2	cse049	56	X	
s11f2	cse030	57	X	
s11f2	cse050	58	X	
s11f2	cse029	59	O	
s11f2	cse034	60	O	
s12f2	cse001	1	O	
s12f2	cse031	2	O	
s12f2	cse011	3	O	
s12f2	cse041	4	O	
s12f2	cse021	5	X	
s12f2	cse051	6	O	
s12f2	cse002	7	O	
s12f2	cse012	8	O	
s12f2	cse022	9	X	
s12f2	cse032	10	O	
s12f2	cse042	11	X	
s12f2	cse059	12	O	
s12f2	cse003	13	O	
s12f2	cse033	14	O	
s12f2	cse046	15	O	
s12f2	cse053	16	O	
s12f2	cse013	17	O	
s12f2	cse023	18	O	
s12f2	cse025	19	X	
s12f2	cse014	20	X	
s12f2	cse044	21	X	
s12f2	cse004	22	O	
s12f2	cse015	23	X	
s12f2	cse054	24	O	
s12f2	cse043	25	O	
s12f2	cse035	26	O	
s12f2	cse055	27	O	
s12f2	cse026	28	O	
s12f2	cse005	29	O	
s12f2	cse016	30	X	
s12f2	cse056	31	O	
s12f2	cse036	32	O	
s12f2	cse045	33	X	
s12f2	cse006	34	X	
s12f2	cse027	35	O	
s12f2	cse017	36	O	
s12f2	cse037	37	O	
s12f2	cse057	38	O	
s12f2	cse052	39	O	
s12f2	cse024	40	X	
s12f2	cse007	41	O	
s12f2	cse047	42	X	
s12f2	cse038	43	O	
s12f2	cse058	44	O	
s12f2	cse039	45	O	
s12f2	cse018	46	X	
s12f2	cse008	47	X	
s12f2	cse009	48	O	
s12f2	cse048	49	O	
s12f2	cse019	50	X	
s12f2	cse040	51	O	
s12f2	cse060	52	X	
s12f2	cse020	53	O	
s12f2	cse028	54	O	
s12f2	cse010	55	O	
s12f2	cse049	56	X	
s12f2	cse030	57	X	
s12f2	cse050	58	X	
s12f2	cse029	59	O	
s12f2	cse034	60	O	
s13m3	cse001	1	O	인간의 생활과 관련된 사항이기 때문에, 인간에 대한 이해를 더욱 높일 수 있다고 생각합니다.
s13m3	cse031	2	O	
s13m3	cse011	3	O	
s13m3	cse041	4	O	
s13m3	cse021	5	O	
s13m3	cse051	6	O	
s13m3	cse002	7	O	
s13m3	cse012	8	O	
s13m3	cse022	9	O	
s13m3	cse032	10	O	
s13m3	cse042	11	X	명확한 의미를 이해하기 어려운 문장
s13m3	cse059	12	O	
s13m3	cse003	13	O	
s13m3	cse033	14	O	
s13m3	cse046	15	O	
s13m3	cse053	16	O	
s13m3	cse013	17	O	
s13m3	cse023	18	O	
s13m3	cse025	19	O	
s13m3	cse014	20	O	
s13m3	cse044	21	X	의미가 명확하지 않은 문장
s13m3	cse004	22	O	
s13m3	cse015	23	O	
s13m3	cse054	24	O	
s13m3	cse043	25	O	
s13m3	cse035	26	O	
s13m3	cse055	27	O	
s13m3	cse026	28	O	
s13m3	cse005	29	O	
s13m3	cse016	30	O	
s13m3	cse056	31	O	
s13m3	cse036	32	O	
s13m3	cse045	33	O	
s13m3	cse006	34	O	
s13m3	cse027	35	O	
s13m3	cse017	36	O	
s13m3	cse037	37	O	
s13m3	cse057	38	O	
s13m3	cse052	39	O	
s13m3	cse024	40	O	
s13m3	cse007	41	O	
s13m3	cse047	42	O	
s13m3	cse038	43	O	
s13m3	cse058	44	X	의미가 명확히 전달되지 않는 문장
s13m3	cse039	45	O	
s13m3	cse018	46	O	
s13m3	cse008	47	O	
s13m3	cse009	48	O	
s13m3	cse048	49	O	
s13m3	cse019	50	O	
s13m3	cse040	51	O	
s13m3	cse060	52	X	의미가 명확히 전달되지 않음
s13m3	cse020	53	O	
s13m3	cse028	54	O	
s13m3	cse010	55	O	
s13m3	cse049	56	O	
s13m3	cse030	57	O	
s13m3	cse050	58	O	
s13m3	cse029	59	O	
s13m3	cse034	60	O	
s14m3	cse001	1	O	실제 세계의 지식과 일치하고 문법 오류가 없으며 상황맥락의 빈도도 높은 편으로 보임
s14m3	cse031	2	X	문장 하나로는 장면이 완성되지 않는다(주어나 부연설명 필요)
s14m3	cse011	3	O	
s14m3	cse041	4	O	
s14m3	cse021	5	X	이야기'는 참여자가 같이 등장해야 자연스러울 듯하다.
s14m3	cse051	6	O	
s14m3	cse002	7	X	
s14m3	cse012	8	O	
s14m3	cse022	9	X	
s14m3	cse032	10	O	
s14m3	cse042	11	X	
s14m3	cse059	12	O	
s14m3	cse003	13	O	
s14m3	cse033	14	O	
s14m3	cse046	15	O	
s14m3	cse053	16	O	
s14m3	cse013	17	O	
s14m3	cse023	18	X	
s14m3	cse025	19	O	
s14m3	cse014	20	O	
s14m3	cse044	21	X	
s14m3	cse004	22	O	
s14m3	cse015	23	O	
s14m3	cse054	24	O	
s14m3	cse043	25	X	
s14m3	cse035	26	O	
s14m3	cse055	27	O	
s14m3	cse026	28	O	
s14m3	cse005	29	X	
s14m3	cse016	30	O	
s14m3	cse056	31	O	
s14m3	cse036	32	O	
s14m3	cse045	33	X	
s14m3	cse006	34	O	
s14m3	cse027	35	O	
s14m3	cse017	36	O	
s14m3	cse037	37	O	
s14m3	cse057	38	O	
s14m3	cse052	39	X	
s14m3	cse024	40	X	
s14m3	cse007	41	O	
s14m3	cse047	42	O	
s14m3	cse038	43	O	
s14m3	cse058	44	O	
s14m3	cse039	45	O	
s14m3	cse018	46	O	
s14m3	cse008	47	X	는데'가 앞뒤 문장 연결에 어울리지 않음
s14m3	cse009	48	O	
s14m3	cse048	49	O	
s14m3	cse019	50	X	
s14m3	cse040	51	O	
s14m3	cse060	52	X	조사가 잘못 쓰인 듯한 부분이 있음
s14m3	cse020	53	O	
s14m3	cse028	54	O	
s14m3	cse010	55	O	
s14m3	cse049	56	X	플레이'의 의미가 불명확함
s14m3	cse030	57	O	
s14m3	cse050	58	O	
s14m3	cse029	59	X	엘레쎄'가 너무 구체적이다
s14m3	cse034	60	X	
s15m3	cse001	1	O	
s15m3	cse031	2	O	
s15m3	cse011	3	O	
s15m3	cse041	4	X	
s15m3	cse021	5	O	
s15m3	cse051	6	O	
s15m3	cse002	7	O	
s15m3	cse012	8	O	
s15m3	cse022	9	O	
s15m3	cse032	10	O	
s15m3	cse042	11	X	
s15m3	cse059	12	O	
s15m3	cse003	13	O	
s15m3	cse033	14	O	
s15m3	cse046	15	X	
s15m3	cse053	16	O	
s15m3	cse013	17	O	
s15m3	cse023	18	X	
s15m3	cse025	19	O	
s15m3	cse014	20	O	
s15m3	cse044	21	X	
s15m3	cse004	22	O	
s15m3	cse015	23	O	
s15m3	cse054	24	O	
s15m3	cse043	25	O	
s15m3	cse035	26	O	
s15m3	cse055	27	O	
s15m3	cse026	28	O	
s15m3	cse005	29	O	
s15m3	cse016	30	O	
s15m3	cse056	31	O	
s15m3	cse036	32	O	
s15m3	cse045	33	X	
s15m3	cse006	34	X	
s15m3	cse027	35	O	
s15m3	cse017	36	O	
s15m3	cse037	37	O	
s15m3	cse057	38	O	
s15m3	cse052	39	X	
s15m3	cse024	40	O	
s15m3	cse007	41	O	
s15m3	cse047	42	O	
s15m3	cse038	43	O	
s15m3	cse058	44	O	
s15m3	cse039	45	O	
s15m3	cse018	46	O	
s15m3	cse008	47	O	
s15m3	cse009	48	O	
s15m3	cse048	49	O	
s15m3	cse019	50	O	
s15m3	cse040	51	O	
s15m3	cse060	52	O	
s15m3	cse020	53	O	
s15m3	cse028	54	O	
s15m3	cse010	55	O	
s15m3	cse049	56	X	
s15m3	cse030	57	O	
s15m3	cse050	58	O	
s15m3	cse029	59	X	
s15m3	cse034	60	O	
s16f3	cse001	1	O	
s16f3	cse031	2	X	
s16f3	cse011	3	O	
s16f3	cse041	4	O	
s16f3	cse021	5	O	
s16f3	cse051	6	O	
s16f3	cse002	7	O	
s16f3	cse012	8	O	
s16f3	cse022	9	O	
s16f3	cse032	10	O	
s16f3	cse042	11	O	
s16f3	cse059	12	O	
s16f3	cse003	13	O	
s16f3	cse033	14	O	
s16f3	cse046	15	O	
s16f3	cse053	16	X	
s16f3	cse013	17	O	
s16f3	cse023	18	X	
s16f3	cse025	19	O	
s16f3	cse014	20	O	
s16f3	cse044	21	X	
s16f3	cse004	22	O	
s16f3	cse015	23	X	
s16f3	cse054	24	O	
s16f3	cse043	25	X	
s16f3	cse035	26	O	
s16f3	cse055	27	O	
s16f3	cse026	28	O	
s16f3	cse005	29	O	
s16f3	cse016	30	O	
s16f3	cse056	31	O	
s16f3	cse036	32	O	
s16f3	cse045	33	O	
s16f3	cse006	34	O	
s16f3	cse027	35	O	
s16f3	cse017	36	O	
s16f3	cse037	37	O	
s16f3	cse057	38	O	
s16f3	cse052	39	O	
s16f3	cse024	40	O	
s16f3	cse007	41	O	
s16f3	cse047	42	O	
s16f3	cse038	43	O	
s16f3	cse058	44	O	
s16f3	cse039	45	O	
s16f3	cse018	46	O	
s16f3	cse008	47	O	
s16f3	cse009	48	O	
s16f3	cse048	49	O	
s16f3	cse019	50	O	
s16f3	cse040	51	O	
s16f3	cse060	52	X	
s16f3	cse020	53	O	
s16f3	cse028	54	O	
s16f3	cse010	55	O	
s16f3	cse049	56	O	
s16f3	cse030	57	O	
s16f3	cse050	58	O	
s16f3	cse029	59	O	
s16f3	cse034	60	O	
s17f3	cse001	1	O	
s17f3	cse031	2	O	
s17f3	cse011	3	O	
s17f3	cse041	4	X	
s17f3	cse021	5	O	
s17f3	cse051	6	O	
s17f3	cse002	7	O	
s17f3	cse012	8	O	
s17f3	cse022	9	O	
s17f3	cse032	10	O	
s17f3	cse042	11	X	
s17f3	cse059	12	X	
s17f3	cse003	13	O	
s17f3	cse033	14	O	
s17f3	cse046	15	O	
s17f3	cse053	16	O	
s17f3	cse013	17	O	
s17f3	cse023	18	O	
s17f3	cse025	19	O	
s17f3	cse014	20	O	
s17f3	cse044	21	O	
s17f3	cse004	22	X	
s17f3	cse015	23	O	
s17f3	cse054	24	O	
s17f3	cse043	25	O	
s17f3	cse035	26	O	
s17f3	cse055	27	O	
s17f3	cse026	28	O	
s17f3	cse005	29	O	
s17f3	cse016	30	O	
s17f3	cse056	31	O	
s17f3	cse036	32	O	
s17f3	cse045	33	O	
s17f3	cse006	34	X	
s17f3	cse027	35	O	
s17f3	cse017	36	O	
s17f3	cse037	37	O	
s17f3	cse057	38	O	
s17f3	cse052	39	O	
s17f3	cse024	40	X	
s17f3	cse007	41	O	
s17f3	cse047	42	O	
s17f3	cse038	43	O	
s17f3	cse058	44	O	
s17f3	cse039	45	O	
s17f3	cse018	46	O	
s17f3	cse008	47	X	
s17f3	cse009	48	O	
s17f3	cse048	49	O	
s17f3	cse019	50	X	
s17f3	cse040	51	O	
s17f3	cse060	52	X	
s17f3	cse020	53	X	
s17f3	cse028	54	O	
s17f3	cse010	55	O	
s17f3	cse049	56	X	
s17f3	cse030	57	O	
s17f3	cse050	58	O	
s17f3	cse029	59	O	
s17f3	cse034	60	O	
s18f3	cse001	1	O	어휘가 보편적으로 이해되는 어휘이며 문장의 구조가 복잡하지 않고 문장이 전달하는 내용 역시 실제로 자주 일어나는 일에 대해 기술하고 있기 때문.
s18f3	cse031	2	O	어휘가 보편적으로 이해되는 어휘이며 문장의 구조가 복잡하지 않고 문장이 전달하는 내용 역시 실제로 자주 일어나는 일에 대해 기술하고 있기 때문.
s18f3	cse011	3	X	담보'라는 어휘의 쓰임이 제한적이라고 생각되며 개인차에 따라 '담보 대출'이라는 개념이 생소할 수 있어서
s18f3	cse041	4	X	정확히 어떤 맥락과 상황에서 발생하는 사건인지 이해하기 어려움
s18f3	cse021	5	O	어휘가 보편적으로 이해되는 어휘이며 문장의 구조가 복잡하지 않고 문장이 전달하는 내용 역시 실제로 자주 일어나는 일에 대해 기술하고 있기 때문.
s18f3	cse051	6	O	어휘가 보편적으로 이해되는 어휘이며 문장의 구조가 복잡하지 않고 문장이 전달하는 내용 역시 실제로 자주 일어나는 일에 대해 기술하고 있기 때문.
s18f3	cse002	7	O	개인차에 따라 '무생채'가 무엇인지 모를 수는 있으나 문장 맥락에 따라 음식의 일종임을 유추하기 쉬움.
s18f3	cse012	8	O	어휘가 보편적으로 이해되는 어휘이며 문장의 구조가 복잡하지 않고 문장이 전달하는 내용 역시 실제로 자주 일어나는 일에 대해 기술하고 있기 때문.
s18f3	cse022	9	O	어휘가 보편적으로 이해되는 어휘이며 문장의 구조가 복잡하지 않고 문장이 전달하는 내용 역시 실제로 자주 일어나는 일에 대해 기술하고 있기 때문.
s18f3	cse032	10	X	태풍과 형광등을 연결하는 게 다소 비약적으로 느껴짐. 사람에 따라 두 대상의 관계가 모호하다고 느껴질 수 있어서 일반 상식으로 보이지 않음.
s18f3	cse042	11	X	맥락이 이해가 안 됨
s18f3	cse059	12	O	사자성어가 들어가 있으나 자주 쓰이는 표현으로 생각되며, 문장 규성이 규범적지는 않으나 한국인의 실제 발화 양상을 잘 반영한 표현이라고 생각됨
s18f3	cse003	13	O	어휘가 보편적으로 이해되는 어휘이며 문장의 구조가 복잡하지 않고 문장이 전달하는 내용 역시 실제로 자주 일어나는 일에 대해 기술하고 있기 때문.
s18f3	cse033	14	X	비문이라서(밖에 덥기는)
s18f3	cse046	15	X	비문이라서(기록을 향상)
s18f3	cse053	16	X	비문이라서(1차)
s18f3	cse013	17	O	어휘가 보편적으로 이해되는 어휘이며 문장의 구조가 복잡하지 않고 문장이 전달하는 내용 역시 실제로 자주 일어나는 일에 대해 기술하고 있기 때문.
s18f3	cse023	18	X	특정 브랜드명이 나와서(물론 유명한 브랜드이긴 하지만 사람에 따라 모를 수도 있기 때문)
s18f3	cse025	19	X	문장 성분 생략이 너무 심함(누가 누구에게 무엇을이 모호함)
s18f3	cse014	20	X	비문(집에)
s18f3	cse044	21	X	맥락이나 정확한 문장의미 파악이 어려움
s18f3	cse004	22	X	동일 연결어미 반복으로 문장이 별로 자연스럽게 읽히지 않고 무엇을 추천하는지 문장성분이 불분명함
s18f3	cse015	23	O	어휘가 보편적으로 이해되는 어휘이며 문장의 구조가 복잡하지 않고 문장이 전달하는 내용 역시 실제로 자주 일어나는 일에 대해 기술하고 있기 때문.
s18f3	cse054	24	X	주어가 생략되어 편견이 담긴 내용을 일반화하는 문장으로 이해될 소지가 있음
s18f3	cse043	25	O	어휘가 보편적으로 이해되는 어휘이며 문장의 구조가 복잡하지 않고 문장이 전달하는 내용 역시 실제로 자주 일어나는 일에 대해 기술하고 있기 때문.
s18f3	cse035	26	X	비문으로 느껴짐 앞뒤 문장간 호응이 어색함
s18f3	cse055	27	O	어휘가 보편적으로 이해되는 어휘이며 문장의 구조가 복잡하지 않고 문장이 전달하는 내용 역시 실제로 자주 일어나는 일에 대해 기술하고 있기 때문.
s18f3	cse026	28	X	어디에 전화하는지 생략됨
s18f3	cse005	29	O	어휘가 보편적으로 이해되는 어휘이며 문장의 구조가 복잡하지 않고 문장이 전달하는 내용 역시 실제로 자주 일어나는 일에 대해 기술하고 있기 때문.
s18f3	cse016	30	X	만들다가 중복되어서
s18f3	cse056	31	X	누구와 만나는지 누가 다이어트 식단을 먹어야 하는지 불분명함
s18f3	cse036	32	O	어휘가 보편적으로 이해되는 어휘이며 문장의 구조가 복잡하지 않고 문장이 전달하는 내용 역시 실제로 자주 일어나는 일에 대해 기술하고 있기 때문.
s18f3	cse045	33	O	크라임 신이라는 특정 게임명이 등장하지만 문장 내에서 게임명이라는 것을 알 수 있음
s18f3	cse006	34	X	샐러드 고기가 뭔지 모르겠음
s18f3	cse027	35	O	주어가 없지만 '-다고 하다'를 사용해 누군가에게 전해들은 말임을 알 수 있음
s18f3	cse017	36	O	어휘가 보편적으로 이해되는 어휘이며 문장의 구조가 복잡하지 않고 문장이 전달하는 내용 역시 실제로 자주 일어나는 일에 대해 기술하고 있기 때문.
s18f3	cse037	37	O	어휘가 보편적으로 이해되는 어휘이며 문장의 구조가 복잡하지 않고 문장이 전달하는 내용 역시 실제로 자주 일어나는 일에 대해 기술하고 있기 때문.
s18f3	cse057	38	X	진위 여부 파악이 어렵다고 생각함
s18f3	cse052	39	O	
s18f3	cse024	40	X	문장 자체가 이해가 안 됨
s18f3	cse007	41	O	
s18f3	cse047	42	O	
s18f3	cse038	43	X	표기법 오류(예쁘다)
s18f3	cse058	44	X	너무 개인의 주관적인 판단이어서 일반적인 상식으로 부이지 않음
s18f3	cse039	45	O	
s18f3	cse018	46	X	문장 성분 생략으로 의미가 불분명함
s18f3	cse008	47	X	비문(없는데) 방언 포함(추리하다)
s18f3	cse009	48	O	
s18f3	cse048	49	O	
s18f3	cse019	50	X	
s18f3	cse040	51	X	중의적 문장이어서 의미가 불분명함
s18f3	cse060	52	X	어려운 어휘 포함 복잡한 문장 구조
s18f3	cse020	53	X	내용 파악이 정확히 안 됨
s18f3	cse028	54	O	
s18f3	cse010	55	X	일반적으로 이해되는 인과 관계가 아닌 것으로 보임
s18f3	cse049	56	O	
s18f3	cse030	57	X	
s18f3	cse050	58	O	
s18f3	cse029	59	X	엘레쎄
s18f3	cse034	60	O	
s19f3	cse001	1	O	인간이 살아가는데 꼭 필요한 의식주 관련 내용이라서
s19f3	cse031	2	O	생활과 밀접한 내용이라서
s19f3	cse011	3	O	인간이 살아가는데 꼭 필요한 내용이라서
s19f3	cse041	4	X	인간이 살아가는데 꼭 필요한 내용이 아니라서
s19f3	cse021	5	O	인간이 살아가는데 꼭 필요한 의식주 관련 내용이라서
s19f3	cse051	6	O	성인이 대화할 때 누구라도 알 수 있는 내용이라서
s19f3	cse002	7	O	인간이 살아가는데 꼭 필요한 의식주 관련한 내용이라서
s19f3	cse012	8	O	인간이 살아가는데 꼭 필요한 의식주 관련한 내용이라서
s19f3	cse022	9	O	인간이 살아가는데 꼭 필요한 의식주 관련한 내용이라서
s19f3	cse032	10	O	생활과 밀접한 내용이라서
s19f3	cse042	11	X	인간이 살아가는데 꼭 필요한 내용이 아니라서
s19f3	cse059	12	O	성인의 대화를 기준으로 누구나 알 수 있는 내용이라서
s19f3	cse003	13	O	인간이 살아가는데 꼭 필요한 의식주 관련한 내용이라서
s19f3	cse033	14	O	인간의 삶에 꼭 필요한 내용이라서
s19f3	cse046	15	O	일반적인 성인의 대화에서 모두가 알만한 내용이라서
s19f3	cse053	16	O	일반적인 성인의 대화에서 모두가 알만한 내용이라서
s19f3	cse013	17	O	일반적인 성인의 대화에서 모두가 알만한 내용이라서
s19f3	cse023	18	O	인간의 삶에 꼭 필요한 의식주 관련한 내용이라서
s19f3	cse025	19	O	인간의 삶에 꼭 필요한 의식주 관련한 내용이라서
s19f3	cse014	20	O	일반적인 성인의 대화에서 모두가 알만한 내용이라서
s19f3	cse044	21	O	모두가 알만한 내용이 아니며 일반적인 상황이 아니라서
s19f3	cse004	22	O	일반적인 성인의 대화에서 모두가 알만한 내용이라서
s19f3	cse015	23	O	일반적인 성인의 대화에서 모두가 알만한 내용이라서
s19f3	cse054	24	X	성급한 일반화로 보여서
s19f3	cse043	25	O	일반적인 성인의 대화에서 모두가 알만한 내용이라서
s19f3	cse035	26	O	인간의 삶과 밀접한 내용이라서
s19f3	cse055	27	O	인간의 삶에 꼭 필요한 의식주 관련한 내용이라서
s19f3	cse026	28	O	일반적인 성인의 대화에서 모두가 알만한 내용이라서
s19f3	cse005	29	O	인간의 삶에 꼭 필요한 의식주 관련한 내용이라서
s19f3	cse016	30	O	일반적인 성인의 대화에서 모두가 알만한 내용이라서
s19f3	cse056	31	O	인간의 삶에 꼭 필요한 의식주 관련한 내용이라서
s19f3	cse036	32	O	인간의 삶과 밀접한 날씨와 관련된 내용이라서
s19f3	cse045	33	X	게임 이름에 대해서는 누구나 알만한 내용이 아니라서
s19f3	cse006	34	O	인간의 삶에 꼭 필요한 의식주 관련한 내용이라서
s19f3	cse027	35	O	인간의 삶에 꼭 필요한 의식주 관련한 내용이라서
s19f3	cse017	36	O	인간의 생활에 밀접한 내용이라서
s19f3	cse037	37	O	인간의 삶에 밀접한 내용이라서
s19f3	cse057	38	O	인간의 생활과 밀접한 건강과 관련된 내용이라서
s19f3	cse052	39	O	인간의 생활과 밀접한 건강과 관련된 내용이라서
s19f3	cse024	40	O	인간이 살아가는데 꼭 필요한 의식주 관련 내용이라서
s19f3	cse007	41	O	인간이 살아가는데 꼭 필요한 의식주 관련 내용이라서
s19f3	cse047	42	O	성인이 대화할 때 누구나 알만한 내용이라서
s19f3	cse038	43	O	인간의 삶에 밀접한 날씨에 대한 내용이라서
s19f3	cse058	44	O	인간의 삶에 밀접한 건강에 관련된 내용이라서
s19f3	cse039	45	O	인간의 생활과 밀접한 날씨와 관련된 내용이라서
s19f3	cse018	46	O	인간이 살아가는데 꼭 필요한 의식주 관련 내용이라서
s19f3	cse008	47	O	인간이 살아가는데 꼭 필요한 의식주 관련 내용이라서
s19f3	cse009	48	O	인간의 생활과 밀접한 의식주와 관련된 내용이라서
s19f3	cse048	49	O	성인이 대화할 때 누구나 이해할만한 내용이라서
s19f3	cse019	50	X	인과관계가 잘 이해가 안돼서
s19f3	cse040	51	O	인간의 삶에 밀접한 날씨에 대한 이야기라서
s19f3	cse060	52	X	인과관계가 맞지 않는 비문이라서
s19f3	cse020	53	O	인간의 삶과 밀접한 내용이라서
s19f3	cse028	54	O	인간이 살아가는데 꼭 필요한 의식주 관련 내용이라서
s19f3	cse010	55	O	인간이 살아가는데 꼭 필요한 의식주 관련 내용이라서
s19f3	cse049	56	O	인간의 삶에 밀접한 취미와 관련된 내용이라서
s19f3	cse030	57	O	인간이 살아가는데 꼭 필요한 의식주 관련 내용이라서
s19f3	cse050	58	O	누구나 알 수 있고 인간의 삶에 밀접한 취미와 관련된 내용이라서
s19f3	cse029	59	X	브랜드에 대한 부분은 누구나 알 수 없는 내용이다
s19f3	cse034	60	O	인간의 삶에 밀접한 날씨와 관련된 내용이라서
s20f3	cse001	1	O	
s20f3	cse031	2	X	
s20f3	cse011	3	O	
s20f3	cse041	4	X	
s20f3	cse021	5	O	
s20f3	cse051	6	O	
s20f3	cse002	7	O	
s20f3	cse012	8	O	
s20f3	cse022	9	X	
s20f3	cse032	10	O	
s20f3	cse042	11	X	
s20f3	cse059	12	O	
s20f3	cse003	13	X	
s20f3	cse033	14	O	
s20f3	cse046	15	O	
s20f3	cse053	16	O	
s20f3	cse013	17	X	
s20f3	cse023	18	X	
s20f3	cse025	19	O	
s20f3	cse014	20	O	
s20f3	cse044	21	X	
s20f3	cse004	22	O	
s20f3	cse015	23	O	
s20f3	cse054	24	O	
s20f3	cse043	25	O	
s20f3	cse035	26	O	
s20f3	cse055	27	O	
s20f3	cse026	28	O	
s20f3	cse005	29	X	
s20f3	cse016	30	O	
s20f3	cse056	31	X	
s20f3	cse036	32	O	
s20f3	cse045	33	O	
s20f3	cse006	34	X	
s20f3	cse027	35	O	
s20f3	cse017	36	O	
s20f3	cse037	37	O	
s20f3	cse057	38	O	
s20f3	cse052	39	X	
s20f3	cse024	40	O	
s20f3	cse007	41	O	
s20f3	cse047	42	O	
s20f3	cse038	43	O	
s20f3	cse058	44	O	
s20f3	cse039	45	O	
s20f3	cse018	46	O	
s20f3	cse008	47	X	
s20f3	cse009	48	O	
s20f3	cse048	49	O	
s20f3	cse019	50	X	
s20f3	cse040	51	O	
s20f3	cse060	52	O	
s20f3	cse020	53	O	
s20f3	cse028	54	O	
s20f3	cse010	55	X	
s20f3	cse049	56	X	
s20f3	cse030	57	O	
s20f3	cse050	58	O	
s20f3	cse029	59	X	
s20f3	cse034	60	O	
s21m3	cse001	1	O	음식을 만드는 방법이기 때문에
s21m3	cse031	2	X	일반상식까지는 아닌 것 같음
s21m3	cse011	3	O	경제 상식도 학습이 필요하다고 생각함
s21m3	cse041	4	O	
s21m3	cse021	5	O	
s21m3	cse051	6	X	
s21m3	cse002	7	O	
s21m3	cse012	8	O	
s21m3	cse022	9	O	
s21m3	cse032	10	O	
s21m3	cse042	11	X	일반 상식은 아닌 것 같음
s21m3	cse059	12	O	작심삼일이라는 단너 때문에
s21m3	cse003	13	X	
s21m3	cse033	14	O	날씨에 관한 정보
s21m3	cse046	15	O	
s21m3	cse053	16	X	
s21m3	cse013	17	X	
s21m3	cse023	18	O	
s21m3	cse025	19	O	
s21m3	cse014	20	O	
s21m3	cse044	21	X	
s21m3	cse004	22	O	
s21m3	cse015	23	X	
s21m3	cse054	24	O	
s21m3	cse043	25	X	
s21m3	cse035	26	O	
s21m3	cse055	27	X	
s21m3	cse026	28	O	
s21m3	cse005	29	O	
s21m3	cse016	30	O	
s21m3	cse056	31	X	
s21m3	cse036	32	O	
s21m3	cse045	33	O	
s21m3	cse006	34	X	
s21m3	cse027	35	O	
s21m3	cse017	36	O	
s21m3	cse037	37	O	
s21m3	cse057	38	O	운동과 관련된 상식이기 때문에
s21m3	cse052	39	O	
s21m3	cse024	40	X	
s21m3	cse007	41	O	
s21m3	cse047	42	X	
s21m3	cse038	43	X	
s21m3	cse058	44	O	
s21m3	cse039	45	O	날씨정보
s21m3	cse018	46	X	
s21m3	cse008	47	O	추리하다 단어 학습
s21m3	cse009	48	X	
s21m3	cse048	49	O	
s21m3	cse019	50	X	
s21m3	cse040	51	X	
s21m3	cse060	52	O	
s21m3	cse020	53	O	일상생활에서의 인간의 생각
s21m3	cse028	54	O	옷에 대한 정보
s21m3	cse010	55	O	사람들이 자주 사 먹는편의점 음식
s21m3	cse049	56	X	
s21m3	cse030	57	O	
s21m3	cse050	58	O	
s21m3	cse029	59	O	
s21m3	cse034	60	O	기상정보
s22m3	cse001	1	O	재료를 통해 완성품을 만드는 물질 세계의 행위는 다양하게 응용이 가능하기 때문
s22m3	cse031	2	X	명확한 정답이 있는 문제에 의문을 가지는 것은 인간에게도 불필요한 일이기 때문
s22m3	cse011	3	O	담보 대출 등의 금융 용어가 필요할 것이며, 물질 세계의 인간은 대체로 주거용 시설이 필요하기 때문
s22m3	cse041	4	X	
s22m3	cse021	5	O	평일과 주말의 명확한 차이가 있기 때문. 옷을 사는 행위뿐만 아니라 기타 인간의 행동 양식이 평일과 주말에 따라 달라진다는 것을 알 수 있음
s22m3	cse051	6	X	다이어트 방법에는 개인차가 있을 수 있기 때문. 보편적인 상식이 아니라고 판단 됨. 또한 수와 양의 문제가 있는데, 목표 체중 48을 위해 고구마, 계란, 바나나를 얼마나 먹는지도 명확하지 않음. 이를 인공지능이 오독할 가능성이 있을 것으로 보임. 예) 내 남자 친구는 다이어트 중이라 고구마를 하루 1kg 정도만 먹고 있으며 목표 채중은 48이다.
s22m3	cse002	7	O	개인의 식성에 관한 내용이나, 명확한 수치를 제시하지 않았기 때문에 문장의 서술어와 관련해 다양한 응용이 가능할 듯.
s22m3	cse012	8	O	일종의 한국어 연어, 숙어의 개념은 필수적이라고 생각함
s22m3	cse022	9	O	
s22m3	cse032	10	O	만일 과학적으로 증명이 되었고, 태풍과 형광등 깜박임의 연관성이 확연하다며 필요하다고 생각함. 그렇지 않다면 X.
s22m3	cse042	11	O	
s22m3	cse059	12	O	
s22m3	cse003	13	O	
s22m3	cse033	14	X	형태적으로 비문으로 판정됨. 비문을 가르칠 필요는 없을 듯. 비문이 아니라 '밖이 덥기는'이라면 내용상 필요한 듯함.
s22m3	cse046	15	O	
s22m3	cse053	16	O	앞선 다이어트 식단 이야기와는 달리, 이 문장은 명확한 수와 양을 재시하기 때문에 응용 가능할 듯함.
s22m3	cse013	17	O	
s22m3	cse023	18	O	
s22m3	cse025	19	O	
s22m3	cse014	20	O	
s22m3	cse044	21	O	
s22m3	cse004	22	O	
s22m3	cse015	23	O	
s22m3	cse054	24	X	개인차가 있을 법한 일을 보편적으로 활용할 수는 없음.
s22m3	cse043	25	O	
s22m3	cse035	26	O	
s22m3	cse055	27	O	
s22m3	cse026	28	O	
s22m3	cse005	29	O	
s22m3	cse016	30	O	
s22m3	cse056	31	O	-(으)면 혹은 IF절로 판정될 문장들은, 각각의 사례를 담고 있기 때문에 사례가 많으면 많을 수록 좋다고 생각함
s22m3	cse036	32	O	
s22m3	cse045	33	O	
s22m3	cse006	34	O	
s22m3	cse027	35	O	
s22m3	cse017	36	O	
s22m3	cse037	37	O	
s22m3	cse057	38	O	
s22m3	cse052	39	O	
s22m3	cse024	40	O	
s22m3	cse007	41	O	
s22m3	cse047	42	O	
s22m3	cse038	43	O	
s22m3	cse058	44	X	문제 해결 방식이 바르지 않음. 다이어트 프로그램 출연자의 요요를 본인 혹은 출연자의 어릴 때 부터의 관리와 등위시킬 수 없음. 비논리성이 확연하여 제외하면 좋을 듯.
s22m3	cse039	45	O	
s22m3	cse018	46	O	
s22m3	cse008	47	O	
s22m3	cse009	48	O	
s22m3	cse048	49	O	
s22m3	cse019	50	O	
s22m3	cse040	51	O	
s22m3	cse060	52	O	결론이 보편 상식과 어긋나 보이더라도 논리적으로 추론할 수 있는 결과라고 판단함. 논리적 근거를 충분히 제시한 결론은 그 다양성을 인정해야 한다고 생각함.
s22m3	cse020	53	O	
s22m3	cse028	54	O	
s22m3	cse010	55	O	
s22m3	cse049	56	X	궁금한 게임은 직접 하면 될 일이다. 나의 즐거움을 타인에게 양도하는 문장은 허용하면 안 될 것이라 생각한다.
s22m3	cse030	57	O	
s22m3	cse050	58	O	
s22m3	cse029	59	O	
s22m3	cse034	60	O	
s23m3	cse001	1	O	볶음밥을 만들 때는 계란이랑 햄이 자주 들어가기 때문입니다.
s23m3	cse031	2	X	상식은 아닌 것 같습니다.
s23m3	cse011	3	O	상식인 것 같습니다.
s23m3	cse041	4	X	무슨 의미인지 모르겠습니다.
s23m3	cse021	5	X	상식이 아닌 것 같습니다.
s23m3	cse051	6	O	고구마, 계란, 바나나가 다이어트 식단이라는 것은 상식으로 인정할 수 있을 것 같습니다.
s23m3	cse002	7	X	
s23m3	cse012	8	X	상식이 아닙니다.
s23m3	cse022	9	X	상식이 아닙니다.
s23m3	cse032	10	X	애매한 것 같습니다.
s23m3	cse042	11	X	상식이 아닙니다.
s23m3	cse059	12	X	상식이 아닙니다.
s23m3	cse003	13	X	인간 세상의 일반 상식이 아닙니다.
s23m3	cse033	14	X	인간 세상의 일반 상식이 아닙니다.
s23m3	cse046	15	X	인간 세상의 일반 상식이 아닙니다.
s23m3	cse053	16	X	인간 세상의 일반 상식이 아닙니다.
s23m3	cse013	17	O	공원에는 철봉이 주로 있다'는 상식일 수 있을 것 같아요.
s23m3	cse023	18	X	인간 세상의 일반 상식이 아닙니다.
s23m3	cse025	19	X	인간 세상의 일반 상식이 아닙니다.
s23m3	cse014	20	X	인간 세상의 일반 상식이 아닙니다.
s23m3	cse044	21	X	인간 세상의 일반 상식이 아닙니다.
s23m3	cse004	22	X	인간 세상의 일반 상식이 아닙니다.
s23m3	cse015	23	O	집들이는 일 년 이상 살 집에 한다. 대화 상대자가 오면 식탁과 의자에서 한다. 라는 상식.
s23m3	cse054	24	O	
s23m3	cse043	25	X	인간 세상의 일반 상식이 아닙니다.
s23m3	cse035	26	X	인간 세상의 일반 상식이 아닙니다.
s23m3	cse055	27	O	이건 원래 그러니까요.
s23m3	cse026	28	O	택배가 안 오면 전화해 본다.
s23m3	cse005	29	X	
s23m3	cse016	30	X	인간 세상의 일반 상식이 아닙니다.
s23m3	cse056	31	X	인간 세상의 일반 상식이 아닙니다.
s23m3	cse036	32	X	인간 세상의 일반 상식이 아닙니다.
s23m3	cse045	33	X	인간 세상의 일반 상식이 아닙니다. 너무 전문적이랄까요.
s23m3	cse006	34	X	인간 세상의 일반 상식이 아닙니다.
s23m3	cse027	35	X	인간 세상의 일반 상식이 아닙니다.
s23m3	cse017	36	X	인간 세상의 일반 상식이 아닙니다.
s23m3	cse037	37	X	인간 세상의 일반 상식이 아닙니다. 상식이라고 하기 어려울 것 같아요.
s23m3	cse057	38	O	전형적입니다.
s23m3	cse052	39	O	비움과 노니는 다이어트 식품이다.
s23m3	cse024	40	X	인간 세상의 일반 상식이 아닙니다.
s23m3	cse007	41	O	이것도 상식일 수 있을 것 같아요.
s23m3	cse047	42	X	인간 세상의 일반 상식이 아닙니다.
s23m3	cse038	43	X	인간 세상의 일반 상식이 아닙니다.
s23m3	cse058	44	X	인간 세상의 일반 상식이 아닙니다.
s23m3	cse039	45	X	인간 세상의 일반 상식이 아닙니다.
s23m3	cse018	46	X	인간 세상의 일반 상식이 아닙니다.
s23m3	cse008	47	X	인간 세상의 일반 상식이 아닙니다.
s23m3	cse009	48	O	김밥에는 단무지가, 햄버거에는 피클이 들어 있다.
s23m3	cse048	49	X	인간 세상의 일반 상식이 아닙니다.
s23m3	cse019	50	X	인간 세상의 일반 상식이 아닙니다.
s23m3	cse040	51	X	상식이라고 보기 어려움.
s23m3	cse060	52	X	상식이라고 보기 어려움.
s23m3	cse020	53	O	
s23m3	cse028	54	O	
s23m3	cse010	55	O	편의점에서는 핫바와 컵라면을 판다.
s23m3	cse049	56	X	상식이라고 보기 어려움.
s23m3	cse030	57	O	코르덴 바지를 입으면 너무 따뜻하다.
s23m3	cse050	58	O	
s23m3	cse029	59	X	상식이라고 보기 어려움.
s23m3	cse034	60	X	상식이라고 보기 어려움.
s24f3	cse001	1	O	
s24f3	cse031	2	X	
s24f3	cse011	3	O	경제 관련 용어는 일상생활에서 많이 사용됨.
s24f3	cse041	4	X	
s24f3	cse021	5	O	
s24f3	cse051	6	O	
s24f3	cse002	7	X	‘무생채’가 상식에 해당하는 단어라고 보기에 어렵습니다.
s24f3	cse012	8	O	최근에 많이 들리는 이야기
s24f3	cse022	9	X	
s24f3	cse032	10	O	
s24f3	cse042	11	X	
s24f3	cse059	12	O	다이어트하는 사람들이 가장 많이 하는 말. 일반 대화에서 필요.
s24f3	cse003	13	O	
s24f3	cse033	14	O	
s24f3	cse046	15	O	
s24f3	cse053	16	O	
s24f3	cse013	17	O	
s24f3	cse023	18	X	
s24f3	cse025	19	X	
s24f3	cse014	20	X	
s24f3	cse044	21	O	
s24f3	cse004	22	O	
s24f3	cse015	23	X	
s24f3	cse054	24	O	
s24f3	cse043	25	X	
s24f3	cse035	26	O	
s24f3	cse055	27	O	
s24f3	cse026	28	O	
s24f3	cse005	29	O	
s24f3	cse016	30	X	
s24f3	cse056	31	O	
s24f3	cse036	32	O	
s24f3	cse045	33	O	
s24f3	cse006	34	X	
s24f3	cse027	35	O	
s24f3	cse017	36	O	
s24f3	cse037	37	O	
s24f3	cse057	38	O	
s24f3	cse052	39	X	비움, 노니가 일반 상식에서 사용되는 단어가 아닌 것 같습니다.
s24f3	cse024	40	O	
s24f3	cse007	41	O	
s24f3	cse047	42	O	
s24f3	cse038	43	O	
s24f3	cse058	44	O	
s24f3	cse039	45	O	
s24f3	cse018	46	O	
s24f3	cse008	47	O	
s24f3	cse009	48	O	
s24f3	cse048	49	O	
s24f3	cse019	50	O	
s24f3	cse040	51	O	
s24f3	cse060	52	O	
s24f3	cse020	53	O	
s24f3	cse028	54	O	
s24f3	cse010	55	O	
s24f3	cse049	56	O	
s24f3	cse030	57	X	
s24f3	cse050	58	O	
s24f3	cse029	59	X	엘레쎄는 한국인에게도 상식 단어가 아닌 것 같습니다.
s24f3	cse034	60	O	
s25f4	cse001	1	O	일반적으로 많이 먹는 음식이라 생각돼서
s25f4	cse031	2	O	나도 궁금할 때가 많아서
s25f4	cse011	3	O	의식주에서 필수적이기 때문에
s25f4	cse041	4	X	모든 사람이 게임을 하는 것은 아니므로
s25f4	cse021	5	O	일반적으로 많이 이야기 해서
s25f4	cse051	6	O	여자들의 관심사기 때문에
s25f4	cse002	7	X	식성에 따라 달라서
s25f4	cse012	8	O	
s25f4	cse022	9	O	
s25f4	cse032	10	X	
s25f4	cse042	11	X	
s25f4	cse059	12	O	
s25f4	cse003	13	O	
s25f4	cse033	14	O	
s25f4	cse046	15	X	
s25f4	cse053	16	O	
s25f4	cse013	17	O	
s25f4	cse023	18	X	
s25f4	cse025	19	O	
s25f4	cse014	20	O	
s25f4	cse044	21	X	
s25f4	cse004	22	O	
s25f4	cse015	23	X	
s25f4	cse054	24	X	
s25f4	cse043	25	X	
s25f4	cse035	26	O	
s25f4	cse055	27	O	
s25f4	cse026	28	X	
s25f4	cse005	29	O	
s25f4	cse016	30	X	
s25f4	cse056	31	X	
s25f4	cse036	32	O	
s25f4	cse045	33	X	
s25f4	cse006	34	X	
s25f4	cse027	35	X	
s25f4	cse017	36	O	
s25f4	cse037	37	O	
s25f4	cse057	38	O	
s25f4	cse052	39	O	
s25f4	cse024	40	X	
s25f4	cse007	41	O	
s25f4	cse047	42	X	
s25f4	cse038	43	X	
s25f4	cse058	44	O	
s25f4	cse039	45	X	
s25f4	cse018	46	X	
s25f4	cse008	47	X	
s25f4	cse009	48	X	
s25f4	cse048	49	O	
s25f4	cse019	50	X	
s25f4	cse040	51	O	
s25f4	cse060	52	O	
s25f4	cse020	53	O	
s25f4	cse028	54	X	
s25f4	cse010	55	X	
s25f4	cse049	56	O	
s25f4	cse030	57	X	
s25f4	cse050	58	X	
s25f4	cse029	59	X	
s25f4	cse034	60	O	
s26m4	cse001	1	O	
s26m4	cse031	2	O	
s26m4	cse011	3	O	
s26m4	cse041	4	X	
s26m4	cse021	5	O	
s26m4	cse051	6	O	
s26m4	cse002	7	X	
s26m4	cse012	8	O	
s26m4	cse022	9	O	
s26m4	cse032	10	O	
s26m4	cse042	11	X	
s26m4	cse059	12	O	
s26m4	cse003	13	O	
s26m4	cse033	14	O	
s26m4	cse046	15	X	
s26m4	cse053	16	O	
s26m4	cse013	17	O	
s26m4	cse023	18	X	
s26m4	cse025	19	O	
s26m4	cse014	20	O	
s26m4	cse044	21	X	
s26m4	cse004	22	O	
s26m4	cse015	23	O	
s26m4	cse054	24	O	
s26m4	cse043	25	O	
s26m4	cse035	26	O	
s26m4	cse055	27	O	
s26m4	cse026	28	O	
s26m4	cse005	29	O	
s26m4	cse016	30	O	
s26m4	cse056	31	O	
s26m4	cse036	32	O	
s26m4	cse045	33	X	
s26m4	cse006	34	O	
s26m4	cse027	35	O	
s26m4	cse017	36	O	
s26m4	cse037	37	O	
s26m4	cse057	38	O	
s26m4	cse052	39	X	
s26m4	cse024	40	O	
s26m4	cse007	41	O	
s26m4	cse047	42	O	
s26m4	cse038	43	O	
s26m4	cse058	44	O	
s26m4	cse039	45	O	
s26m4	cse018	46	O	
s26m4	cse008	47	X	
s26m4	cse009	48	O	
s26m4	cse048	49	O	
s26m4	cse019	50	O	
s26m4	cse040	51	O	
s26m4	cse060	52	X	
s26m4	cse020	53	O	
s26m4	cse028	54	O	
s26m4	cse010	55	O	
s26m4	cse049	56	O	
s26m4	cse030	57	X	
s26m4	cse050	58	O	
s26m4	cse029	59	X	
s26m4	cse034	60	O	
s27f4	cse001	1	O	의식주 중에서도 가장 기초적이고 기본적인 부분이라고 생각해서
s27f4	cse031	2	O	누구나 궁금해할 만하고 미디어에서도 자주 접하는 이야기라서
s27f4	cse011	3	X	해결하려고 하는 집 문제가 무엇인지 밝혀져 있지 않으므로
s27f4	cse041	4	X	정확히 무슨 뜻인지 파악하기 어려움
s27f4	cse021	5	O	생활에 밀접한 내용이라서
s27f4	cse051	6	O	흔히 생각하는 다이어트의 전형적인 모델이기 때문에
s27f4	cse002	7	O	
s27f4	cse012	8	O	
s27f4	cse022	9	O	
s27f4	cse032	10	X	태풍의 영향과 형광등의 깜박거림사이에 설명이 필요한데 빠져있어서
s27f4	cse042	11	X	정확한 의미 파악이 되지 않아서
s27f4	cse059	12	X	작심삼일이 아니라고 하기에는 이제 2일차라 약간 어색
s27f4	cse003	13	O	
s27f4	cse033	14	O	
s27f4	cse046	15	O	
s27f4	cse053	16	O	
s27f4	cse013	17	O	
s27f4	cse023	18	X	
s27f4	cse025	19	O	
s27f4	cse014	20	O	
s27f4	cse044	21	O	
s27f4	cse004	22	O	
s27f4	cse015	23	X	집에 대화 상대자가 온다는 표현이  많이 어색함
s27f4	cse054	24	X	지나치게 단정적이고 표현이 거칠어서
s27f4	cse043	25	X	전후관계 없이는 너무 엉뚱한 내용이라서
s27f4	cse035	26	X	날씨가 풀렸다면 따뜻한 봄날씨가 자연스럽겠죠
s27f4	cse055	27	O	
s27f4	cse026	28	O	
s27f4	cse005	29	X	김밥이 상하기도 하는건 너무 당연한거라 감밥이 상했는지 물어본다면 몰라도 김밥이 상하는지 물어보는건 이상하다고 생각
s27f4	cse016	30	O	
s27f4	cse056	31	O	
s27f4	cse036	32	O	
s27f4	cse045	33	X	하고 싶어하는 이야기   -> 하고 싶다고
s27f4	cse006	34	X	샐러드 고기에 볶음밥?
s27f4	cse027	35	X	무엇을 말해 준다는건지?
s27f4	cse017	36	O	
s27f4	cse037	37	O	
s27f4	cse057	38	O	
s27f4	cse052	39	O	
s27f4	cse024	40	X	무슨 뜻인지 알 수가 없어서
s27f4	cse007	41	O	사실이니까
s27f4	cse047	42	O	
s27f4	cse038	43	O	
s27f4	cse058	44	X	너무 단정지어서 당사자는 상처 받을것 같음
s27f4	cse039	45	O	
s27f4	cse018	46	O	
s27f4	cse008	47	X	추리하게 나갈 순 없는데 -> 없어서
s27f4	cse009	48	O	
s27f4	cse048	49	O	
s27f4	cse019	50	X	시끄러워서 '잘 수 없다' 정도면 모를까 집 이야기하다가 갑자기 호텔 이야기?
s27f4	cse040	51	O	
s27f4	cse060	52	X	몸에 독소랑 함께? 내용상 말이 안되니까
s27f4	cse020	53	O	
s27f4	cse028	54	O	
s27f4	cse010	55	O	
s27f4	cse049	56	O	
s27f4	cse030	57	O	입기도 했고 ->입었길래
s27f4	cse050	58	O	
s27f4	cse029	59	O	
s27f4	cse034	60	O	
s28f4	cse001	1	O	음식의 이름이 아주 일반적, 대중적으로 사용되는 표현들이기 때문에 학습시킬만한 문장이라고 생각함.
s28f4	cse031	2	X	일상 대화에서 빈도가 높게 사용되는 문장이 아니라고 판단해서 X로 답변함.
s28f4	cse011	3	O	일반 대화에서 흔히 주고 받는 빈도가 높은 문장이라고 생각해서 O로 답변함.
s28f4	cse041	4	X	
s28f4	cse021	5	O	일상 대화에서 흔히 주고 받는 문장 표현이라고 생각함.
s28f4	cse051	6	O	다이어트는 대중적인 대화로 주고받는 빈도가 높은 표현들이고 문장에 들어간 단어들도 많이 사용하는 단어들이기 때문에.
s28f4	cse002	7	O	일상 대화에서 흔히 사용되는 표현이기 때문에
s28f4	cse012	8	O	일상대화에서 흔히 사용되는 표현이기 때문에
s28f4	cse022	9	X	일상대화에서 잘 쓰지 않는 어색한 표현이라고 생각함
s28f4	cse032	10	X	일반 상식 문장이라고 하기엔 어색함이 있음.
s28f4	cse042	11	O	
s28f4	cse059	12	O	일상 대화에서 흔히 사용하는 표현이라서
s28f4	cse003	13	O	일상 대화에서 흔히 사용하는 표현이라서
s28f4	cse033	14	O	일상 대화에서 흔히 사용하는 표현이라서
s28f4	cse046	15	O	일상 대화에서 흔히 사용하는 표현이라서
s28f4	cse053	16	O	일상 대화에서 흔히 사용하는 표현이라서
s28f4	cse013	17	O	일상 대화에서 충분히 사용되는 문장임.
s28f4	cse023	18	O	일상 대화에서 충분히 사용되는 문장임.
s28f4	cse025	19	O	일상 대화에서 충분히 사용되는 문장임.
s28f4	cse014	20	O	일상 대화에서 충분히 사용되는 문장임.
s28f4	cse044	21	O	일상 대화에서 충분히 사용되는 문장임.
s28f4	cse004	22	O	일상 대화에서 충분히 사용되는 문장임.
s28f4	cse015	23	O	일상 대화에서 충분히 사용되는 문장임.
s28f4	cse054	24	O	일상 대화에서 충분히 사용되는 문장임.
s28f4	cse043	25	O	
s28f4	cse035	26	O	일상 대화에서 흔히 사용되는 문장임.
s28f4	cse055	27	O	일상 대화에서 흔히 사용되는 문장임.
s28f4	cse026	28	O	일상 대화에서 흔히 사용되는 문장임.
s28f4	cse005	29	O	일상 대화에서 충분히 사용되는 문장임.
s28f4	cse016	30	O	일상 대화에서 충분히 사용되는 문장임.
s28f4	cse056	31	O	일상 대화에서 충분히 사용되는 문장임.
s28f4	cse036	32	O	일상 대화에서 충분히 사용되는 문장임.
s28f4	cse045	33	O	일상 대화에서 충분히 사용되는 문장임.
s28f4	cse006	34	O	일상 대화에서 충분히 사용되는 문장임.
s28f4	cse027	35	O	일상 대화에서 충분히 사용되는 문장임.
s28f4	cse017	36	O	일상 대화에서 사용 빈도가 높은 문장임.
s28f4	cse037	37	O	일상 대화에서 사용 빈도가 높은 문장임
s28f4	cse057	38	O	일상 대화에서 흔히 사용되는 문장임.
s28f4	cse052	39	O	일상 대화에서 충분히 사용되는 문장임.
s28f4	cse024	40	O	문장표현이 좀 어색은 하지만 일상 대화에서 충분히 사용되는 문장이라고 생각해서
s28f4	cse007	41	O	일상 대화에서 사용 빈도가 높은 문장임.
s28f4	cse047	42	O	일상 대화에서 흔히 사용되는 문장임.
s28f4	cse038	43	O	일상 대화에서 사용 빈도가 높은 문장임.
s28f4	cse058	44	O	일상 대화에서 흔히 사용되는 문장임.
s28f4	cse039	45	O	일상 대화에서 사용 빈도가 높은 문장임.
s28f4	cse018	46	O	일상 대화에서 충분히 사용되는 문장임.
s28f4	cse008	47	O	일상 대화에서 충분히 사용되는 문장임.
s28f4	cse009	48	O	일상 대화에서 충분히 사용되는 문장임.
s28f4	cse048	49	O	일상 대화에서 충분히 사용되는 문장임.
s28f4	cse019	50	X	일반 상식이라고 하기엔 일상 대화에서 사용 빈도가 많지 않은 문장이기 때문에
s28f4	cse040	51	O	일상 대화에서 흔히 사용되는 문장임.
s28f4	cse060	52	O	일상 대화에서 충분히 사용되는 문장임.
s28f4	cse020	53	O	일상 대화에서 충분히 사용되는 문장임.
s28f4	cse028	54	O	일상 대화에서 충분히 사용되는 문장임.
s28f4	cse010	55	O	일상 대화에서 충분히 사용되는 문장임.
s28f4	cse049	56	X	일반상식을 담은 문장이라고 보기가 애매함.
s28f4	cse030	57	O	일상 대화에서 충분히 사용되는 문장임.
s28f4	cse050	58	O	일상 대화에서 충분히 사용되는 문장임.
s28f4	cse029	59	O	일상 대화에서 충분히 사용되는 문장임.
s28f4	cse034	60	O	일상 대화에서 충분히 사용되는 문장임.
s29m4	cse001	1	O	
s29m4	cse031	2	O	
s29m4	cse011	3	O	
s29m4	cse041	4	O	
s29m4	cse021	5	O	
s29m4	cse051	6	X	
s29m4	cse002	7	X	
s29m4	cse012	8	O	
s29m4	cse022	9	O	
s29m4	cse032	10	X	
s29m4	cse042	11	X	
s29m4	cse059	12	O	
s29m4	cse003	13	X	
s29m4	cse033	14	X	
s29m4	cse046	15	O	
s29m4	cse053	16	X	
s29m4	cse013	17	X	
s29m4	cse023	18	X	
s29m4	cse025	19	O	
s29m4	cse014	20	X	
s29m4	cse044	21	X	
s29m4	cse004	22	O	
s29m4	cse015	23	O	
s29m4	cse054	24	O	
s29m4	cse043	25	X	
s29m4	cse035	26	O	
s29m4	cse055	27	O	
s29m4	cse026	28	O	
s29m4	cse005	29	X	
s29m4	cse016	30	X	
s29m4	cse056	31	O	
s29m4	cse036	32	O	
s29m4	cse045	33	X	
s29m4	cse006	34	X	
s29m4	cse027	35	O	
s29m4	cse017	36	O	
s29m4	cse037	37	O	
s29m4	cse057	38	O	
s29m4	cse052	39	X	
s29m4	cse024	40	O	
s29m4	cse007	41	O	
s29m4	cse047	42	O	
s29m4	cse038	43	O	
s29m4	cse058	44	O	
s29m4	cse039	45	O	
s29m4	cse018	46	X	
s29m4	cse008	47	X	
s29m4	cse009	48	O	
s29m4	cse048	49	X	
s29m4	cse019	50	X	
s29m4	cse040	51	O	
s29m4	cse060	52	O	
s29m4	cse020	53	O	
s29m4	cse028	54	O	
s29m4	cse010	55	X	
s29m4	cse049	56	X	
s29m4	cse030	57	O	
s29m4	cse050	58	X	
s29m4	cse029	59	X	
s29m4	cse034	60	O	
s30m4	cse001	1	X	사실이 아닌 의도이기 때문에
s30m4	cse031	2	X	의문이기 때문
s30m4	cse011	3	X	사실이 아니라 의도
s30m4	cse041	4	O	
s30m4	cse021	5	X	
s30m4	cse051	6	O	
s30m4	cse002	7	X	사실이 아니라 의도임
s30m4	cse012	8	X	상식이 아니라 가변적 상황의 하나임
s30m4	cse022	9	X	'어떻게'로 표현되어 정보가 없음
s30m4	cse032	10	O	
s30m4	cse042	11	X	맥락이 없어 무슨 말인지 이해가 가지 않음
s30m4	cse059	12	X	
s30m4	cse003	13	X	
s30m4	cse033	14	O	
s30m4	cse046	15	X	'방법'이라고만 되어 있어 정보가 없음
s30m4	cse053	16	X	
s30m4	cse013	17	X	주관적 평가임
s30m4	cse023	18	X	사실이 아니라 명령임
s30m4	cse025	19	O	
s30m4	cse014	20	X	
s30m4	cse044	21	X	
s30m4	cse004	22	X	사실이 아니라 의도임
s30m4	cse015	23	X	
s30m4	cse054	24	X	비윤리적
s30m4	cse043	25	X	
s30m4	cse035	26	O	
s30m4	cse055	27	O	
s30m4	cse026	28	O	
s30m4	cse005	29	X	
s30m4	cse016	30	X	
s30m4	cse056	31	X	
s30m4	cse036	32	O	
s30m4	cse045	33	X	
s30m4	cse006	34	X	
s30m4	cse027	35	X	
s30m4	cse017	36	O	
s30m4	cse037	37	X	
s30m4	cse057	38	O	
s30m4	cse052	39	X	
s30m4	cse024	40	X	
s30m4	cse007	41	O	
s30m4	cse047	42	O	
s30m4	cse038	43	O	
s30m4	cse058	44	O	
s30m4	cse039	45	O	
s30m4	cse018	46	X	
s30m4	cse008	47	O	
s30m4	cse009	48	X	
s30m4	cse048	49	X	
s30m4	cse019	50	X	
s30m4	cse040	51	X	
s30m4	cse060	52	X	
s30m4	cse020	53	X	
s30m4	cse028	54	X	
s30m4	cse010	55	X	
s30m4	cse049	56	X	
s30m4	cse030	57	O	
s30m4	cse050	58	O	
s30m4	cse029	59	O	
s30m4	cse034	60	X	
s31m5	cse001	1	O	AI는 우리 일상생활의 다양한 언어를 생성한다는 점에서 일상생활에서 요리와 관련된 내용이고 빈도도 높기 때문에  AI가 학습해야 하는 문장이라고 생각합니다. 또 미국에서 돌아가신 어머님이 요리 방법을 모두 녹음해서 AI가 입력한 후 어머님이 돌아가신 다음에 따님이 요리법을 물어봤을 때 그 방법을 알려준 기사를 읽은 적이 있습니다. 이렇게 짜여진 대화틀이라면 충분히 이 대화도 생성할 수 있을 거라고 생각합니다. 그런 면에서 학습 시킬 만한 문장이라고 생각합니다.
s31m5	cse031	2	X	사실 이번에 주석과 검수를 하면서 이런 문장이 나왔을 때 참 많이 고민을 한 문장입니다. 복문이고 궁금해 하는 주체가 불명확한 문장에서는 언어 선택에서 AI가 고민을 할 것 같습니다...그래서 학습하지 않아도 된다고 생각합니다.
s31m5	cse011	3	O	일상생활에서 빈번히 등장하는 문장이기 때문에 충분히 대상이 된다고 봅니다. 그런데 이 문장 안에서도 수식어를 복잡하게 넣기 보다는 좀 더 단순하게 할 때 AI가 문장 생성할 때 오류를 줄여줄 수 있어서 학습시킬 문장이라고 생각합니다.
s31m5	cse041	4	O	게임도 현대 사회에서 빈도가 높은 어휘이고 주제라는 점에서 충분히 학습시킬 만한 문장이라고 생각합니다.
s31m5	cse021	5	O	비교적 명확한 문장이고 일상생활에서 자주 대화하는 주제이고 쇼핑에 대한 시간도 비교적 정해져 있기 때문입니다. 다만 가능한 시간에 대한 추가 정보를 AI에 입력을 해야 한다고 생각합니다.
s31m5	cse051	6	O	일상생활에서 다이어트 식단으로 자주 언급되는 음식들이기 때문에 AI가 비교적 문장 생성을 잘 할 거라고 생각합니다. 그래서 학습시킬 만한 문장이라고 생각합니다.
s31m5	cse002	7	X	엑스를 했지만 애매합니다. 추측성 표현(-(으)ㄹ까 하다)이 나와서 AI가 어디까지 인식할지를 모르겠습니다. 이런 면에서는 학습시킬 만한 문장은 아니라는 생각이 들기도 합니다. 그렇지만 한편으로는 비교적 단순하고 명확한 문장이기 때문에 충분히 문장 생성이 가능할 것 같습니다.
s31m5	cse012	8	X	자주 등장하는 경제 분야 내용이고 명확한 분야이고 복문이지만 명확한 결합과 의미도 명확하게 전달하고 있어서 충분히 가능할 것 같지만 '피부로 느끼는 것을 어떻게 AI가 느낄 수 있을지 의문이 듭니다.
s31m5	cse022	9	X	원칙적으로 '어떻게 입고 다닐지'에 대한 추가 정보를 입력해야 가능한 문장이기 때문입니다. 다만, 미국에서 돌아가신 어머님이 요리 방법을 모두 녹음해서 AI가 입력한 후 어머님이 돌아가신 다음에 따님이 요리법을 물어봤을 때 그 방법을 알려준 기사를 읽은 적이 있습니다. 이렇게 짜여진 대화틀이라면 충분히 이 대화도 생성할 수 있을 거라고 생각합니다. 그런 면에서 학습 시킬 만한 문장이라고 생각합니다.
s31m5	cse032	10	O	태풍의 영향으로 형광등이 깜박거리는 건 정보 중에서도 사실이고 태풍의 영향으로 자주 나타나기 때문입니다.
s31m5	cse042	11	X	의미가 애매하고 복문임에도 추측 표현을 반복 사용하고  있기 때문입니다.
s31m5	cse059	12	O	다이어트, 2일차, 작심삼일, 진짜 등 비교적 자주 사용하는 어휘이고 일상생활에서 자주 사용하는 대화이기 때문입니다.
s31m5	cse003	13	O	애매하지만 일단 동그라미를 선택했습니다. 주문 상황이고 흔히 나올 수 있는 대화이기 때문입니다.
s31m5	cse033	14	O	일단 조사 오류가 보입니다.(밖이 덥기는 하지만 ~) 더운 여름에 바람도 자주 불기 때문에 일상생활에서 충분히 나타날 수 있는 상황이라고 생각합니다.
s31m5	cse046	15	X	게임 기록을 향상시키기 위한 방법을 추가로 AI에게 입력을 해 줘야 문장이 지속적으로 생성될 거라고 생각합니다. 이 한 문장으로는 명확히 어떤 방법을 알려줘야 하는지 모르기 때문에 이 문장 자체는 반드시 학습시킬 만한 문장은 아니라고 생각합니다.
s31m5	cse053	16	O	명확한 문장, 명확한 단어, 일상 생활에서 자주 사용하는 문장이기 때문입니다.
s31m5	cse013	17	O	아쉽다'라는 감정 형용사가 사람만이 사용할 수 있지만 AI는 단어를 입력해 주면 충분히 문장을 생성할 수 있고 집 근처 공원, 철봉 같은 단어는 우리 주변에 흔히 볼 수 있기 때문에 학습 시킬 만한 문장이라고 생각합니다.
s31m5	cse023	18	X	흐앤므가 고유명사로 보입니다. 언제든지 바뀔 수 있기 때문에 꼭 학습시킬 만한 문장은 아니라고 생각합니다.
s31m5	cse025	19	O	쇼핑하면서 자주 하는 행동이고 자주 사용하는 어휘와 문법적 표현이 있기 때문입니다.
s31m5	cse014	20	O	일상 생활에서 자주 나타나는 상황이기 때문에 학습시킬 만한 문장이라고 생각합니다.
s31m5	cse044	21	X	비문으로 보입니다. 게임상의 일도 의미도 문법도 애매한 문장으로 보입니다.
s31m5	cse004	22	O	현대 생활에서 자주 사용하는 어휘 혼밥, 출장을 가다 같은 어휘들이 일상생활에서 충분히 나올 수 있기 때문입니다.
s31m5	cse015	23	X	
s31m5	cse054	24	O	자주 사용하는 어휘들, 상황이기 때문에 학습시킬 만한 문장입니다.
s31m5	cse043	25	X	엑스를 했지만 애매해 보입니다. 멋진 남자의 기준도 애매하고 하고 싶다고 한 주체도 애매하기 때문입니다.
s31m5	cse035	26	O	자연환경은 비교적 명확한 문장이고 일상 생활에서 자주 나올 수 있는 상황이기에 자연히 어휘도 빈도가 높다고 생각합니다.
s31m5	cse055	27	O	개인적인 판단일 수도 있겠지만 일반화 시킬 수 있는 문장인지, 자주 나타나는 상황인지를 고려해 보면 학습시킬 만한 문장이라고 생각합니다.
s31m5	cse026	28	O	우리가 주문했는데 주문한 상품이 없을 때 할 수 있는 문장이기 때문에 학습시킬 만한 문장이라고 생각합니다.
s31m5	cse005	29	X	비문입니다. 김밥이 상하는지를 알 수 없기 때문입니다. 상한 것을 보고 말을 할 수 있다고 생각합니다.
s31m5	cse016	30	X	오류문만 없애서 가능하다고 생각합니다. 가짜 나무는 없다고 생각합니다. '플라스틱으로 만든 나무를' 고치면 좋을 것 같습니다. 다만, 일상 생활에서 충분히 사용할 수 있는 상황이고 어휘이기 때문에 그런 면에서는 학습시킬 만하다고 생각합니다.
s31m5	cse056	31	X	이제'와 '지금' 어휘 쓰임이 애매합니다. 문장은 일상생활에서 충분히 사용할 수 있는 문장이라서 학습시킬 만한 문장이지만 어휘의 애매함 때문에 엑스를 표기했습니다.
s31m5	cse036	32	O	겨울이면 자주 생기는 상황이기 때문에 어휘도 충분히 자주 사용하는 표현이기 때문입니다.
s31m5	cse045	33	X	게임은 프로그램 개발에 따라 신조어가 바로 사어가 될 수 있기 때문에 AI에게 학습시키기에는 시간적으로 문제가 있을 수 있습니다.
s31m5	cse006	34	X	엑스를 했지만 동그라미도 가능하다고 생각합니다. 그림을 보고 문장을 묘사한다면 가능하다고 생각합니다. 상황은 충분히 일상생활에서 자주 나타날 수 있기 때문에 가능하다고 생각합니다.
s31m5	cse027	35	X	무슨 옷을 살 것인지에 대한 기준이 애매하기 때문에 문장도 애매한 문장을 만들 거라고 생각합니다. 그래서 꼭 학습시킬 만한 문장은 아니라고 생각합니다.
s31m5	cse017	36	O	일상 생활에서 자주 나타나는 상황이고 어휘도 쉽고 빈도도 높기 때문입니다.
s31m5	cse037	37	O	명확한 문장, 날씨에서는 자주 나타나는 상황, 비교 표현, 빈도 높은 어휘 등의 이유 때문에 학습시킬 만한 문장입니다.
s31m5	cse057	38	O	문장의 의미 명확, 문법 표현 정확함, 충분히 나타날 수 있는 상황, 자연히 어휘의 빈도가 높기 때문입니다.
s31m5	cse052	39	X	다이어트 식품도 회사에 따라 변하기 때문에 고유명사를 직접적으로 학습시킬 필요는 없다고 생각합니다.
s31m5	cse024	40	X	일상 생활에서 자주 사용하는 복문은 아니라고 생각합니다. 상황은 충분히 나타날 수 있는 상황이지만 AI가 복문을 만드는 데 어려움이 있을 것 같습니다.
s31m5	cse007	41	O	자주 나타나는 상황에서 사용하는 어휘와 문법적 표현이기 때문입니다.
s31m5	cse047	42	X	종결어미를 좀 더 단순하게 바꾼다면 학습시킬 만한 문장이지만 이런 대화를 자주 하느냐가 중요하다고 생각합니다.
s31m5	cse038	43	O	이쁘다가 복수 표준어이기 때문에 어휘의 빈도, 문법적 표현(연결어미), 상황도 자주 나타나는 상황이기 때문입니다.
s31m5	cse058	44	O	요요'라는 단어를 어떻게 쓰느냐에 따라 학습시킬 것인지 아닌지를 결정할 수 있을 것 같습니다. 전체적인 문장에서는 자주 사용하는 상황의 문장이기 때문에 학습시킬 만한 내용이라고 생각합니다.
s31m5	cse039	45	O	명확한 의미와 문법, 어휘의 빈도, 자주 나타나는 자연 현상이기 때문입니다.
s31m5	cse018	46	O	종결어미를 단정적으로 정하면 더 나을 것 같습니다. 자주 사용하는 일상 생활 상황이기 때문입니다.
s31m5	cse008	47	X	복문을 쓰면서 문장이 애매해져서 이 문장만 보면 학습시킬 문장이라고 생각하지 않습니다.
s31m5	cse009	48	O	충분히 비교해 볼 수 있는 상황이라고 생각하기 때문입니다. 어휘 빈도도 높기 때문입니다.
s31m5	cse048	49	O	일상 생활에서 자주 사용하는 상황이라고 생각합니다.
s31m5	cse019	50	O	애매합니다. 호텔과 집을 비교하는 문장이기 때문입니다. 우리가 일상 생활에서 호텔과 집을 자주 비교한다는 점에서는 충분히 학습시킬 만한 문장이라고 생각합니다.
s31m5	cse040	51	X	다만, 꼭 3시로 지정하기 보다는 시간을 생략하고 '비 오기 전에'으로 하면 학습시킬 수 있다고 생각합니다
s31m5	cse060	52	X	너무 전문적이라서 일상 생활 상식과는 동떨어졌기 때문입니다.
s31m5	cse020	53	X	수리와 관련된 문장이지만 자주 사용하는 상황의 내용이 아니기 때문입니다.
s31m5	cse028	54	O	일상생활에서 자주 사용하는 상황이고 어휘이기 때문입니다.
s31m5	cse010	55	O	일상생활에서 자주 사용할 수 있는 상황이고 어휘이기 때문입니다.
s31m5	cse049	56	X	지나치게 사적인 내용은 학습시키기에는 일반적이지 않다고 생각합니다.
s31m5	cse030	57	X	복문을 만들면서 의미가 애매해져서 학습시킬 만한 문장은 아니라고 생각합니다.
s31m5	cse050	58	O	경기(게임)의 상황에서 충분히 자주 생기는 상황이고 어휘이기 때문입니다.
s31m5	cse029	59	O	일반적으로 자주 생기는 상황이기 어휘이기 때문입니다. 옷과 관련된 어휘는 최근에 많이 일반화 되었다고 생각합니다.
s31m5	cse034	60	O	자주 생길 수 있는 상황이고 어휘이기 때문입니다. 그림 또는 뉴스를 보고 AI가 표현을 할 수 있다고 생각하기 때문입니다.
s32f5	cse001	1	O	
s32f5	cse031	2	O	
s32f5	cse011	3	X	앞 문장까지는 괜찮은데 아파트 담보대출을 받아서 (다시) 집 문제를 해결하려고? 이상합니다. 차라리 빚을 해결하려고, 하면 뭔가 이치에 맞을 것 같습니다.
s32f5	cse041	4	X	저 문장만 가지고서는 어떤 상황인지 모르겠습니다.
s32f5	cse021	5	X	누구와 이야기하는지 모르겠습니다. 문장이 이상합니다.
s32f5	cse051	6	O	
s32f5	cse002	7	O	문장도 이상하지 않고 충분히 생각할 수 있는 상황입니다.
s32f5	cse012	8	O	
s32f5	cse022	9	X	누구와 이야기하는지 모르겠습니다.
s32f5	cse032	10	O	
s32f5	cse042	11	X	
s32f5	cse059	12	X	이번에는 작심삼일이 아니고 진짜이다', 이렇게 하면 좋겠습니다. 저 문장은 이상합니다.
s32f5	cse003	13	O	
s32f5	cse033	14	X	밖이 덥기는 하지만', 으로 바꾸면 좋겠습니다. 내용은 평이하니까 상식적인 문장이겠습니다.
s32f5	cse046	15	O	
s32f5	cse053	16	O	
s32f5	cse013	17	X	공원에 운동기구는 많은데 철봉이 없어서 아쉽다, 이렇게 바꾸면 좋겠습니다. 아니면 공원은 많은데 철봉이 있는 곳이 없어서 아쉽다, 이렇게 바꾸거나요.
s32f5	cse023	18	X	앞 문장이 지나치게 길고 뒤 문장은 너무 짧아 이상합니다. '오늘도 H&M에서 예쁘고 귀여운 옷을 샀다.' 인용문&인용문도 어색합니다.
s32f5	cse025	19	X	누가 구입하고? 누구에게 보여주고? 누가 고르고?
s32f5	cse014	20	O	
s32f5	cse044	21	X	배추에 맞는 게임이 상식의 범주에 속하는지 모르겠습니다.
s32f5	cse004	22	X	혼자 밥을 먹고 출장을 가고, 지극히 상식적인 내용이지만 문장이 너무 이상합니다. 주어가 '나'일 텐데 누구에게 추천을 하는 건지? 혼자 밥을 먹어야 하는 친구에게 혼밥 메뉴를 추천해 주려고 한다, 정도면 이해가능할 것 같습니다.
s32f5	cse015	23	O	
s32f5	cse054	24	X	성격이 더러워져서'는 '성격이 예민해져서' 정도로 바꾸면 좋겠습니다. 그리고 부사를 집어 넣으면 자연스러울 것 같습니다. '다이어트를 하면 성격이 예민해져서 결국 폭식을 하게 된다.' 정도로 바꾸는 게 좋을 것 같습니다.
s32f5	cse043	25	X	탁구공 넣기 게임이 무엇인지? 찾아봐야 하는 게임이면 이미 상식의 범주에서 벗어낫다고 보는 편이...
s32f5	cse035	26	X	날씨는 여기서 겨울일 텐데 상식적으로 따뜻한 봄 날씨이다, 라고 해야겠습니다.
s32f5	cse055	27	O	
s32f5	cse026	28	O	
s32f5	cse005	29	X	김밥이 '쉽게' 상하는지에 대해 물어본다, 라고 하면 좋겠습니다. 딱 잘라 집어낼 순 없지만 뭔가 이상합니다.
s32f5	cse016	30	X	넓은 집으로 이사가는 것과 가짜 나무가 어울리지 않습니다. '큰 나무로 만든', 이거나 '제대로 된', 이거나 '으리으리한' 이거나 이렇게 해야 어울릴 것 같습니다.
s32f5	cse056	31	X	다이어트 식단에 맞춰, 식단에 따라, 식단에 있는 걸로
s32f5	cse036	32	X	
s32f5	cse045	33	X	
s32f5	cse006	34	X	샐러드를 싸가야 하냐, 여기서는 싸다, 의 주어가 '나'로 읽힙니다. 그런데 뒤 문장에서는 엄마가 싸준다고 하니까 이상합니다. 샐러드 고기는 샐러드와 고기겠지요?
s32f5	cse027	35	X	무엇을 말해 주는지?
s32f5	cse017	36	O	
s32f5	cse037	37	O	
s32f5	cse057	38	O	
s32f5	cse052	39	O	비움, 이 뭔지 잘 모르겠지만 앞에 다이어트 식품이라고 했으니까 괜찮은 것 같습니다.
s32f5	cse024	40	X	무엇을 보여주는지? 여름 티가 시급해서? 여기도 이상합니다.
s32f5	cse007	41	X	
s32f5	cse047	42	O	
s32f5	cse038	43	O	복수 표준어가 되었다고 하니 이쁘다도 괜찮은 듯합니다. 구름도 예쁘다, 충분히 할 수 있는 말이라고 생각합니다.
s32f5	cse058	44	X	문장의 주어가 프로그램에 나오는 사람들인데 뒤에는 주어가 일반인이 되어서 이상합니다.  다이어트를 해도 요요가 오니까 어릴 때부터~ 이렇게 하는 게 좋은 것 같습니다.
s32f5	cse039	45	O	
s32f5	cse018	46	O	
s32f5	cse008	47	X	점심에 초밥을 먹으러 가자는데 추리하게 나갈 순 없어서 귀찮다고 대답했다. 아니면, 추리하게~ 부분을 빼고 점심에 초밥을 먹으러 가자는데 귀찮다고 하였다.
s32f5	cse009	48	O	
s32f5	cse048	49	O	
s32f5	cse019	50	X	뚫어져라 보면 틀린 문장이 아닌 것 같습니다마는 저는 첫눈에 문장의 의미가 와 닿아야 한다고 생각합니다.
s32f5	cse040	51	X	3시는 정해진 시간인데 바로 뒤에 비 오기 전에, 하고 같이 쓰니까 이상합니다. 3시를 빼는 게 낫겠습니다.
s32f5	cse060	52	X	무슨 내용인지? ? 정리를 좀 하는 게 좋을 것 같습니다. 디톡스 부작용으로 먹는 얘기만 하게 되니까 차라리 독소랑 함께 하기로 결심했다.
s32f5	cse020	53	X	교체하는 곳밖에 없다고 해놓고 수리를 알아봐야 하는지, ??
s32f5	cse028	54	O	
s32f5	cse010	55	X	여기서 '지금은'이 아마 점심이거나 간식인 것 같은데 그걸 넣어주면 훨씬 문장이 좋아질 것 같습니다. 결국 여기 있는 문장들의 '상식성'은 정보의 문제가 아니라 문장의 독해 가능성? 인 것 같네요. 그 기준으로 보자면 이상한 문장들이 많은 것 같습니다. 누가 읽어도, 사전 지식이 없이도, 그 문장만 보고 이해 가능한 문장이어야 결국 상식적인 문장이 아닐까요.
s32f5	cse049	56	X	이상합니다.
s32f5	cse030	57	X	앞에 스토리가 있어야 이해가능하겠습니다.
s32f5	cse050	58	X	첫판은, 이 부분이 이상합니다. 한번은~ 한번은~ 이렇게 하는 게 좋을 듯합니다.
s32f5	cse029	59	O	
s32f5	cse034	60	O	
s33f5	cse001	1	O	주어가 없으나 1인칭 주어는 생략 가능하다고 생각함. 내용적으로 볶음밥의 기본적 재료는 알려주어야 할 것 같음
s33f5	cse031	2	O	주어 없으나.. 사람들이 일반적 주어는 생략해서 말하므로.
s33f5	cse011	3	O	조사 빠졌으나 많이들 조사 생략하므로
s33f5	cse041	4	X	상식이라고 생각하지 않음
s33f5	cse021	5	X	시제 불일치, 대상 없음.
s33f5	cse051	6	O	단위 없으나 허용
s33f5	cse002	7	O	
s33f5	cse012	8	O	피부로 느껴지다와 같은 비유적 표현은 가르쳐야 알 수 있으므로
s33f5	cse022	9	X	
s33f5	cse032	10	X	맥락이 맞지 않음
s33f5	cse042	11	X	
s33f5	cse059	12	O	
s33f5	cse003	13	X	
s33f5	cse033	14	X	조사가 잘못 쓰임
s33f5	cse046	15	X	주어와 대상이 없음.
s33f5	cse053	16	O	
s33f5	cse013	17	O	
s33f5	cse023	18	X	
s33f5	cse025	19	X	
s33f5	cse014	20	X	
s33f5	cse044	21	O	
s33f5	cse004	22	X	
s33f5	cse015	23	X	
s33f5	cse054	24	X	
s33f5	cse043	25	X	
s33f5	cse035	26	X	
s33f5	cse055	27	O	
s33f5	cse026	28	O	
s33f5	cse005	29	X	
s33f5	cse016	30	X	
s33f5	cse056	31	X	
s33f5	cse036	32	X	
s33f5	cse045	33	X	
s33f5	cse006	34	X	
s33f5	cse027	35	O	
s33f5	cse017	36	X	
s33f5	cse037	37	O	
s33f5	cse057	38	O	
s33f5	cse052	39	X	
s33f5	cse024	40	X	
s33f5	cse007	41	O	
s33f5	cse047	42	X	
s33f5	cse038	43	X	
s33f5	cse058	44	X	
s33f5	cse039	45	X	
s33f5	cse018	46	X	
s33f5	cse008	47	X	
s33f5	cse009	48	O	
s33f5	cse048	49	O	
s33f5	cse019	50	X	
s33f5	cse040	51	X	
s33f5	cse060	52	X	
s33f5	cse020	53	X	
s33f5	cse028	54	O	
s33f5	cse010	55	O	
s33f5	cse049	56	O	
s33f5	cse030	57	X	
s33f5	cse050	58	X	
s33f5	cse029	59	X	
s33f5	cse034	60	X	
s34f5	cse001	1	O	알맞은 볶음밥 재료이다.
s34f5	cse031	2	O	태풍 이름에 대해 궁금해하는 사람들이 많아서 기사가 나오곤 한다.
s34f5	cse011	3	X	이미 살고 있는데 또 집문제가 있는 게 안 맞다.
s34f5	cse041	4	O	
s34f5	cse021	5	O	
s34f5	cse051	6	O	다이어트에 많이 이용되는 식품이다.
s34f5	cse002	7	O	
s34f5	cse012	8	O	
s34f5	cse022	9	O	
s34f5	cse032	10	X	형광등이 깜박거리는 것은 태풍 때문이 아니다.
s34f5	cse042	11	X	앞 문장과 뒷 문장의 연결이 어색하다.
s34f5	cse059	12	X	2일차에 삼 일이 되어야 하는 이야기를 하는 게 어색하다.
s34f5	cse003	13	O	
s34f5	cse033	14	O	
s34f5	cse046	15	O	
s34f5	cse053	16	O	
s34f5	cse013	17	O	
s34f5	cse023	18	X	1. 흐엔므는 귀여운 옷을 파는 곳이 아니다. 2. 앞과 뒤의 맥락이 어색하다.
s34f5	cse025	19	O	
s34f5	cse014	20	X	집주인이 자기 집 문을 두드리는 것이 어색하다.
s34f5	cse044	21	O	
s34f5	cse004	22	O	
s34f5	cse015	23	X	대화 상대자라는 말이 어색하다.
s34f5	cse054	24	X	성격이 더러워지면 폭식하는 게 어색하다.
s34f5	cse043	25	X	
s34f5	cse035	26	O	
s34f5	cse055	27	O	
s34f5	cse026	28	O	
s34f5	cse005	29	X	김밥이 상하는지 묻는 것이 어색하다. 왜 상하는지 또는 잘 상하는지 덧붙이는 게 자연스럽다.
s34f5	cse016	30	X	보통은 넓은 집으로 가면 진짜 나무 트리를 만들고 싶다고 한다.
s34f5	cse056	31	X	이제 만나면'이 어색하다.
s34f5	cse036	32	X	한파가 어색하다.
s34f5	cse045	33	X	크라임 신은 방탈출 게임이 아니다.
s34f5	cse006	34	X	샐러드 고기는 없다.
s34f5	cse027	35	O	
s34f5	cse017	36	O	
s34f5	cse037	37	O	
s34f5	cse057	38	X	무릎 보호대를 하고 줄넘기를 하지는 않는다.
s34f5	cse052	39	X	노니는 다이어트 식품이 아니다.
s34f5	cse024	40	X	앞과 뒤의 맥락이 어색하다.
s34f5	cse007	41	O	
s34f5	cse047	42	O	
s34f5	cse038	43	O	
s34f5	cse058	44	X	앞과 뒤의 맥락이 어색하다.
s34f5	cse039	45	O	
s34f5	cse018	46	X	좀더 배경 설명이 필요하다.
s34f5	cse008	47	X	상대방의 생각을 추측해야 한다. ---추리하게 나갈 순 없는데 (외출 준비를 하는 것이)귀찮다.
s34f5	cse009	48	O	
s34f5	cse048	49	O	
s34f5	cse019	50	X	상대방에 공감하지 못하고 자신이 이야기만 한다.
s34f5	cse040	51	X	3시에', '비 오기 전에' 시간 표현을 이중으로 해서 애매해 졌다.
s34f5	cse060	52	X	독소랑 함께하다니!
s34f5	cse020	53	O	
s34f5	cse028	54	O	
s34f5	cse010	55	X	앞뒤 맥락이 어색하다.
s34f5	cse049	56	X	게임 플레이를 대신 하는 것이 어색하다.
s34f5	cse030	57	O	
s34f5	cse050	58	O	
s34f5	cse029	59	O	
s34f5	cse034	60	O	
s35m5	cse001	1	X	
s35m5	cse031	2	O	
s35m5	cse011	3	O	
s35m5	cse041	4	O	
s35m5	cse021	5	O	
s35m5	cse051	6	O	
s35m5	cse002	7	X	
s35m5	cse012	8	O	
s35m5	cse022	9	O	
s35m5	cse032	10	X	
s35m5	cse042	11	X	
s35m5	cse059	12	O	
s35m5	cse003	13	O	
s35m5	cse033	14	O	
s35m5	cse046	15	O	
s35m5	cse053	16	X	
s35m5	cse013	17	O	
s35m5	cse023	18	X	
s35m5	cse025	19	O	
s35m5	cse014	20	X	
s35m5	cse044	21	X	
s35m5	cse004	22	O	
s35m5	cse015	23	O	
s35m5	cse054	24	X	
s35m5	cse043	25	X	
s35m5	cse035	26	O	
s35m5	cse055	27	O	
s35m5	cse026	28	X	
s35m5	cse005	29	X	
s35m5	cse016	30	X	
s35m5	cse056	31	O	
s35m5	cse036	32	O	
s35m5	cse045	33	X	
s35m5	cse006	34	X	
s35m5	cse027	35	O	
s35m5	cse017	36	O	
s35m5	cse037	37	O	
s35m5	cse057	38	O	
s35m5	cse052	39	X	
s35m5	cse024	40	X	
s35m5	cse007	41	X	
s35m5	cse047	42	O	
s35m5	cse038	43	O	
s35m5	cse058	44	O	
s35m5	cse039	45	O	
s35m5	cse018	46	O	
s35m5	cse008	47	X	
s35m5	cse009	48	O	
s35m5	cse048	49	O	
s35m5	cse019	50	X	
s35m5	cse040	51	O	
s35m5	cse060	52	X	
s35m5	cse020	53	O	
s35m5	cse028	54	O	
s35m5	cse010	55	X	
s35m5	cse049	56	X	
s35m5	cse030	57	X	
s35m5	cse050	58	O	
s35m5	cse029	59	X	
s35m5	cse034	60	O	
s36m6	cse001	1	O	볶음밥에는 일반적으로 계란, 햄이 들어가기 때문에
s36m6	cse031	2	O	태풍 이름을 누가 짓는지를 궁금해하는 사람들이 꽤 있으니까
s36m6	cse011	3	X	지극히 개인적인 문제일 뿐만 아니라 집 문제 해결 방법에 대한 생각에 개인차가 크니까
s36m6	cse041	4	X	개인만의 문제, 개인적인 문제이니까
s36m6	cse021	5	X	누구나 개인적인 판단에 의해서 결정하면 되는 문제니까
s36m6	cse051	6	O	다이어트 식단과 그 효과에 대해 많은 사람들이 관심 있으니까
s36m6	cse002	7	O	개인적인 선호에 해당하지만, 무생채 비빔밥은 누구든 맛있어할 수 있기 때문에 정보 제공 차원에서 학습해 둘 만함.
s36m6	cse012	8	X	일반상식으로 설명할 수 있는 대상이 아니므로
s36m6	cse022	9	X	지극히 개인적인 취향일 뿐아므로
s36m6	cse032	10	X	일반적인 인과관계로 볼 수 없는 상황이므로
s36m6	cse042	11	X	매우 개인적인 취향에 해당함
s36m6	cse059	12	X	개인의 결심에 달려 있는 문제이므로
s36m6	cse003	13	X	그날 먹고 싶은 음식은 항상 다를 수 있으므로 상식적 차원으로 묶을 수 없음
s36m6	cse033	14	X	특정한 날의 특정한 날씨일 뿐임
s36m6	cse046	15	O	기록 향상을 위한 보편적인 방법이 가능할 것 같음
s36m6	cse053	16	X	개인에 따라 다 다른 목표일 것이므로
s36m6	cse013	17	O	공원에 철봉이 설치되기를 바라는 사람들이 꽤 많을 것임
s36m6	cse023	18	X	개인적인 생각일 뿐임
s36m6	cse025	19	X	개인적 취향임
s36m6	cse014	20	X	특정 상황에 해당하는 문제임
s36m6	cse044	21	X	개인적인 감정
s36m6	cse004	22	O	혼밥을 해야 하는 상황이 누구에게든 언제든 생길 수 있는 것이므로
s36m6	cse015	23	X	
s36m6	cse054	24	O	다이어트를 꿈꾸는 사람이 많은데, 그 부정적 측면을 알려 줄 필요가 있음
s36m6	cse043	25	X	
s36m6	cse035	26	X	
s36m6	cse055	27	X	
s36m6	cse026	28	X	
s36m6	cse005	29	O	누구에게나 일어날 수 있는 상황이므로 어떤 상황에서 김밥이 상하는지  알릴 필요가 있음
s36m6	cse016	30	X	
s36m6	cse056	31	O	다이어트 식단에 대한 논의로 확대될 수 있음
s36m6	cse036	32	X	특정 기후 상황일 뿐임
s36m6	cse045	33	X	
s36m6	cse006	34	O	
s36m6	cse027	35	X	
s36m6	cse017	36	O	
s36m6	cse037	37	O	
s36m6	cse057	38	O	
s36m6	cse052	39	O	
s36m6	cse024	40	X	
s36m6	cse007	41	O	
s36m6	cse047	42	O	
s36m6	cse038	43	X	
s36m6	cse058	44	O	
s36m6	cse039	45	X	
s36m6	cse018	46	O	
s36m6	cse008	47	X	
s36m6	cse009	48	O	
s36m6	cse048	49	O	
s36m6	cse019	50	X	
s36m6	cse040	51	X	
s36m6	cse060	52	O	
s36m6	cse020	53	O	
s36m6	cse028	54	X	
s36m6	cse010	55	X	
s36m6	cse049	56	X	
s36m6	cse030	57	O	
s36m6	cse050	58	X	
s36m6	cse029	59	X	
s36m6	cse034	60	O	
